credit_score,country,gender,age,tenure,balance,products_number,credit_card,active_member,estimated_salary
775,France,Male,28,9,166751.55,1,1,0,223996.515
681,Germany,Male,48,5,209571.6,2,0,0,109600.08
564,Germany,Female,32,10,209812.8,2,1,0,23067.345
646,Germany,Female,44,2,169595.745,1,0,0,79608.735
670,France,Female,50,8,207510.09,1,0,1,4738.725
751,France,Male,43,1,172461.36000000002,1,1,0,188880.81
544,France,Female,33,6,0.0,2,1,1,186169.56
639,France,Female,38,5,0.0,2,0,0,140574.57
635,Germany,Female,65,5,175988.31,1,1,0,233699.79
672,France,Female,28,6,0.0,1,0,1,13222.035
639,France,Female,35,8,0.0,1,0,0,246680.97000000003
697,France,Female,25,1,0.0,2,0,0,131704.98
850,Spain,Male,44,8,0.0,2,1,1,275425.98
748,France,Female,34,8,0.0,2,1,0,80376.045
463,Spain,Female,35,2,0.0,2,1,1,2926.395
572,France,Female,30,6,0.0,1,0,1,262537.90499999997
741,Spain,Male,50,1,118106.415,1,1,1,19528.44
646,Spain,Male,25,5,274315.32,2,1,1,63806.384999999995
805,Germany,Male,50,9,195035.07,1,1,0,94484.73
637,France,Male,36,2,228910.23,1,1,1,107539.2
651,France,Male,28,7,0.0,2,1,0,1235.94
672,France,Male,28,4,250903.47000000003,1,1,1,254203.95
493,France,Male,54,3,251747.82,2,1,0,225239.925
524,Germany,Male,29,9,216431.4,2,1,0,48094.95
624,Germany,Female,45,5,227782.995,1,1,0,103191.225
569,Spain,Female,51,3,0.0,3,1,0,112627.44
677,France,Female,27,2,0.0,2,0,1,172028.88
464,Germany,Male,37,4,233991.225,1,0,0,215498.16
718,Germany,Male,26,7,221290.545,1,0,0,76649.34
594,France,Female,53,4,0.0,1,1,0,8113.11
574,France,Male,33,8,150400.54499999998,1,1,0,154509.405
478,Spain,Male,48,0,124930.575,2,0,1,66221.92499999999
615,Spain,Male,41,4,0.0,1,0,1,223918.44
651,Spain,Male,45,4,0.0,2,0,0,289513.815
465,Germany,Male,53,1,176157.255,1,0,0,112348.2
558,France,Female,56,7,181852.575,2,1,1,174379.65000000002
540,Germany,Male,37,3,194947.77,1,0,0,29061.120000000003
568,Germany,Male,46,8,226255.38,1,0,0,96775.2
630,France,Male,31,0,0.0,2,1,1,51712.71
523,Germany,Male,60,1,245841.525,1,0,1,85592.565
678,France,Female,48,2,0.0,2,1,1,48452.82
438,France,Male,38,2,0.0,2,1,0,205289.325
544,France,Male,44,1,0.0,2,0,0,103866.36000000002
595,Germany,Male,34,2,131951.13,2,0,1,234464.27999999997
678,France,Male,26,3,0.0,2,1,0,7483.995
850,France,Female,36,6,0.0,2,1,1,285292.42500000005
589,Germany,Female,20,2,181639.935,2,1,0,5294.58
785,Spain,Female,31,2,182537.31,2,0,0,122668.08
563,Spain,Male,57,6,0.0,2,1,1,58946.22
602,France,Female,39,6,231181.98,2,1,0,264922.29
591,France,Male,29,6,0.0,2,1,1,163026.97499999998
643,Spain,Male,43,1,0.0,2,1,1,218646.6
605,France,Female,32,5,0.0,2,1,1,63202.92
755,Germany,Male,43,6,247572.75,3,1,0,25394.115
769,Spain,Male,38,6,0.0,2,0,0,156590.66999999998
620,France,Female,33,9,191457.525,1,1,1,289076.355
725,France,Male,31,8,0.0,2,1,1,89475.63
818,Germany,Female,72,8,202935.63,2,1,1,95594.58
624,France,Female,71,4,255378.075,3,1,1,110519.385
669,Germany,Female,35,4,162403.8,2,1,0,262454.88
712,France,Female,32,1,0.0,2,1,0,2555.37
603,Germany,Female,35,9,218435.04,1,1,0,244772.43
597,France,Female,41,4,218714.295,2,1,1,78478.89
580,Germany,Male,76,2,195502.26,2,1,1,77508.12
718,France,Female,39,3,0.0,2,1,1,218032.665
527,Spain,Male,53,8,0.0,1,1,1,77567.355
729,Spain,Female,42,1,0.0,2,1,1,224303.955
746,France,Female,24,4,0.0,1,0,1,141157.5
699,Germany,Female,54,3,166513.98,1,1,1,233858.685
759,France,Female,46,2,0.0,1,1,1,207570.165
748,France,Female,39,3,236057.31,1,0,1,146601.45
698,Spain,Female,63,5,0.0,1,1,1,260365.065
686,France,Male,37,9,201840.93,1,1,0,41394.585
679,France,Male,40,1,0.0,1,1,1,25345.784999999996
682,Germany,Male,36,5,108560.43,2,1,0,55343.985
778,France,Female,34,7,164346.15000000002,1,0,1,169570.215
742,France,Female,25,4,198174.195,2,1,0,194900.25
649,Germany,Male,24,7,151792.845,1,0,0,199636.98
763,France,Male,67,1,224155.09500000003,2,0,1,159424.11000000002
595,Germany,Male,30,9,196023.165,2,1,1,86794.31999999999
628,Germany,Female,51,10,172920.73500000002,2,0,0,18942.915
625,France,Female,36,8,194916.585,2,0,0,298372.19999999995
733,France,Male,36,5,0.0,2,1,1,163691.31
665,Spain,Female,32,10,0.0,1,1,1,33731.175
805,Germany,Male,56,6,227703.435,1,1,0,70186.635
725,France,Male,38,6,0.0,2,1,1,238045.92
554,France,Female,38,3,208097.925,1,1,1,291207.54
675,Spain,Female,35,8,233431.62,1,0,1,52765.965
556,France,Female,54,4,225008.07,1,1,0,235523.25
635,Spain,Female,48,2,0.0,2,1,1,204826.875
601,France,Male,47,1,96645.09,2,0,1,144776.95500000002
600,Germany,Male,53,7,159392.445,1,1,0,140444.49
758,Spain,Male,40,3,0.0,2,0,0,144146.47499999998
606,Germany,Female,41,4,199005.795,1,1,0,234714.54
640,France,Female,67,3,0.0,1,0,1,64446.94499999999
753,Germany,Female,38,1,175972.38,1,1,0,183031.995
559,Spain,Male,38,3,218811.525,1,1,0,84467.08499999999
754,Spain,Female,50,7,220166.16,2,0,1,226028.27999999997
621,Germany,Male,51,4,164968.245,1,0,0,266610.87
654,France,Female,37,5,0.0,1,0,1,107238.42
650,Spain,Male,24,8,163322.595,1,1,0,156739.245
831,Spain,Female,44,10,0.0,1,0,1,71593.995
519,France,Male,39,2,169435.88999999998,2,1,0,146389.74
552,Germany,Female,42,8,155043.21,1,0,1,280304.37
577,Spain,Male,41,4,133523.415,1,0,1,202840.84500000003
576,Spain,Male,45,5,200427.015,1,0,0,202867.305
646,France,Male,40,5,140520.645,2,1,1,269209.89
711,Germany,Female,45,1,146229.22499999998,2,1,0,75915.93000000001
806,Spain,Female,37,2,206691.27,2,0,1,112848.03
670,France,Female,39,8,152892.76499999998,1,0,0,133808.31
679,Spain,Female,28,9,0.0,2,0,1,92642.655
850,Spain,Female,39,6,0.0,2,1,0,155882.145
670,Germany,Female,35,2,119378.94,1,0,1,298204.35
733,France,Female,24,3,242827.485,1,1,1,14425.86
764,France,Female,39,1,193602.81,2,1,1,281857.68
673,France,Female,42,4,0.0,2,1,0,182161.2
588,Germany,Male,49,6,198935.64,3,1,0,54439.41
564,Spain,Male,31,5,182192.805,1,1,1,30648.135
715,France,Male,32,8,262960.98,1,1,0,280576.84500000003
621,France,Male,31,7,204987.915,1,1,1,223033.695
796,Spain,Female,23,3,219876.285,2,0,0,188168.7
672,France,Male,34,6,0.0,1,0,0,34104.090000000004
527,Spain,Female,46,10,197122.14,1,1,0,82421.265
722,France,Female,38,3,0.0,2,0,1,251977.08
596,Germany,Male,34,4,149161.815,2,0,1,7203.405000000001
746,France,Female,32,4,0.0,2,1,1,109364.625
523,France,Female,26,4,0.0,2,1,0,278233.21499999997
624,France,Male,44,3,0.0,2,1,0,132611.26499999998
553,Spain,Male,38,1,271665.195,2,1,0,276816.885
850,Spain,Male,33,3,150714.69,2,1,1,204808.695
599,Germany,Male,33,2,77924.92499999999,2,1,0,127568.88
492,France,Male,35,8,181595.235,1,0,0,128132.22
707,Spain,Male,48,8,132662.46,1,1,1,179854.8
743,France,Female,30,1,190535.085,1,1,1,208171.335
522,France,Male,41,5,216221.52,1,1,1,22184.85
681,Spain,Female,57,2,259959.195,1,0,1,197946.99
826,France,Female,49,0,0.0,1,0,0,268064.97000000003
630,Germany,Female,28,8,159638.625,1,1,1,30517.26
430,Germany,Female,66,6,203088.465,2,1,1,259278.09
806,France,Female,67,1,0.0,2,0,1,155918.37
703,Spain,Male,39,6,229028.1,1,0,0,275484.18
755,Germany,Female,38,1,123125.28,1,0,1,15500.670000000002
612,Spain,Female,63,2,197443.755,2,1,0,183164.37
719,France,Female,54,7,0.0,2,1,1,187562.28
554,Germany,Female,55,0,162715.905,1,0,1,210004.5
683,France,Male,30,4,172169.02500000002,1,0,0,274757.205
749,France,Male,41,5,86353.41,1,1,1,91692.435
724,Spain,Male,36,1,0.0,2,1,0,78693.375
770,Spain,Male,30,8,0.0,2,0,1,76259.775
680,France,Male,37,4,0.0,2,1,0,91861.305
699,France,Female,32,4,165839.19,1,1,1,191144.34
442,France,Male,34,4,0.0,2,1,0,102514.62
529,France,Male,46,8,0.0,1,0,0,189767.91
574,Spain,Male,36,3,0.0,2,1,1,12839.49
605,France,Male,33,9,192229.23,1,0,0,221734.215
515,Germany,Male,45,7,181442.25,3,1,1,58932.165
632,Germany,Male,65,6,194208.495,1,1,1,127769.22
558,France,Male,32,10,157500.345,1,1,0,285029.415
434,Germany,Male,55,8,164008.755,2,1,0,144608.82
525,France,Female,59,6,82992.6,1,1,0,125014.095
640,Germany,Male,23,3,108019.13999999998,1,1,0,241999.695
690,France,Female,36,6,165720.72,1,0,0,121938.495
607,Spain,Male,34,9,198659.985,1,1,0,266621.58
850,France,Female,46,3,0.0,2,1,1,281970.315
780,Germany,Male,34,5,141162.81,2,1,0,265852.815
616,Germany,Female,28,10,157760.98500000002,1,0,1,44753.055
618,Spain,Female,40,8,0.0,2,1,0,120306.57
676,France,Male,29,7,197939.79,1,0,0,283903.21499999997
507,France,Male,33,7,0.0,2,1,1,128116.51499999998
490,France,Male,34,5,184429.35,2,0,0,231541.455
678,France,Male,36,0,161069.52,1,1,1,126690.27
637,Germany,Male,30,6,183962.34,2,1,0,98427.01499999998
602,France,Female,33,8,0.0,2,1,1,169393.11000000002
744,Spain,Female,30,1,186055.92,1,1,1,213316.41
640,France,Female,50,9,176347.54499999998,2,0,0,123839.655
684,France,Female,38,5,199784.1,1,0,0,191082.09
495,Germany,Male,39,8,180378.03,2,1,1,15240.345
559,Germany,Female,28,3,228397.215,1,0,0,96363.465
684,France,Male,38,5,157604.97,2,1,1,297532.92
613,France,Male,42,7,172614.09,1,1,1,118985.415
794,France,Male,30,8,0.0,2,1,1,36170.865
736,France,Female,42,7,175920.345,3,0,0,62881.59
692,Germany,Male,49,6,165810.645,2,0,1,161209.48500000002
703,Spain,Male,36,7,202643.205,1,1,0,215789.49
720,Germany,Male,23,0,281791.77,2,1,1,156180.255
777,Germany,Male,44,3,186983.385,2,0,1,119688.45
653,France,Male,44,8,0.0,2,1,1,231959.58
552,France,Female,38,9,201157.515,1,0,0,86775.15
708,France,Female,34,4,0.0,1,1,1,94302.495
647,France,Female,40,9,0.0,2,0,1,138535.815
597,Germany,Male,52,8,125540.01,2,1,1,241625.295
501,France,Male,42,9,171946.845,1,0,1,137144.61000000002
709,France,Male,44,9,192902.97,1,1,0,175546.8
621,Germany,Female,34,2,136887.78,2,1,0,67286.1
799,France,Male,70,8,105625.125,1,1,1,54725.28
675,France,Female,33,6,0.0,2,1,0,51068.415
561,France,Female,35,5,0.0,2,1,0,89972.43000000001
707,France,Female,42,10,0.0,2,1,1,229416.585
670,France,Male,33,6,132441.90000000002,1,1,0,100468.59
649,Spain,Female,32,7,0.0,1,1,0,43195.98
524,France,Male,28,1,140365.95,1,1,1,77506.23
689,Germany,Female,30,5,204976.335,1,1,1,62798.58
573,Spain,Female,72,8,148148.76,1,1,1,144023.29499999998
657,France,Male,33,1,126464.355,2,0,0,155871.59999999998
686,Spain,Male,39,10,204387.09,1,0,0,133799.26499999998
683,France,Female,29,9,0.0,2,1,1,73274.83499999999
753,Germany,Female,47,1,196741.275,1,1,0,296167.03500000003
520,Spain,Female,30,4,217834.485,2,0,0,217741.44
547,Germany,Male,25,4,147212.355,2,1,1,78464.70000000001
653,France,Male,47,6,0.0,1,1,0,76043.895
648,Spain,Female,28,9,153423.915,1,1,1,236836.665
639,France,Female,37,4,174182.76,2,0,1,272776.11
711,France,Female,25,5,285099.81,1,0,0,77018.08499999999
484,Germany,Female,55,8,224024.37,3,0,0,206279.88
721,France,Male,36,1,232765.245,2,1,1,74480.05500000001
548,Germany,Male,32,2,148479.41999999998,1,1,1,83801.06999999999
679,France,Male,41,8,221590.47000000003,3,1,0,259124.1
553,France,Male,41,1,0.0,2,1,0,135910.965
757,France,Male,36,7,217278.09,1,0,0,196292.925
581,France,Male,54,4,133949.715,1,0,0,8337.705
718,Spain,Male,40,9,0.0,2,0,0,182306.865
625,France,Male,41,6,146494.74,2,1,0,85693.17
744,Spain,Male,39,4,142742.625,1,1,0,29114.655
799,Germany,Male,31,9,231880.38,1,0,1,132907.335
751,Spain,Female,34,8,190642.71,2,0,0,719.3100000000001
781,Germany,Male,35,7,138789.22499999998,2,1,1,260756.31
777,Germany,Female,46,0,161044.2,1,1,0,730.95
704,Spain,Female,24,2,0.0,1,1,0,53400.375
539,France,Female,47,2,190929.06,2,1,1,250394.145
716,France,Female,29,6,0.0,2,1,1,148497.915
670,France,Male,37,2,0.0,2,1,1,81344.61
555,France,Male,40,10,209895.27,1,1,1,158580.135
679,Germany,Female,30,4,116924.535,1,1,1,181727.19
571,France,Male,38,1,182107.56,1,1,1,232266.33
512,Spain,Female,35,5,186871.035,1,1,1,28178.22
697,France,Male,35,5,199631.64,1,1,0,97157.415
424,Spain,Male,34,7,0.0,1,1,1,24375.915
684,France,Female,43,7,0.0,2,1,0,196640.985
697,Spain,Male,62,7,0.0,1,1,0,193782.27
580,Germany,Male,45,8,155611.71,1,1,0,71143.095
600,France,Female,32,7,148316.925,1,1,0,199459.815
521,France,Male,37,5,158764.88999999998,2,1,1,127362.3
664,Spain,Male,44,7,116289.99,3,0,0,86007.84
634,France,Male,77,5,0.0,2,1,1,242369.775
445,France,Female,33,7,0.0,2,1,0,183938.52
702,Germany,Female,36,2,157897.32,2,1,1,79364.80500000001
485,France,Male,37,5,0.0,2,0,1,255339.705
582,Germany,Female,40,3,165225.645,1,1,1,287636.475
605,Spain,Female,57,2,0.0,3,1,0,99979.125
628,France,Male,25,7,0.0,2,1,1,293966.625
604,Spain,Female,28,6,0.0,2,1,1,103584.38999999998
724,Germany,Male,31,9,207249.45,1,1,0,19380.645
567,Germany,Male,40,7,183397.86,1,1,0,207829.11
779,Spain,Female,55,0,199943.97000000003,1,1,0,34249.065
785,France,Male,36,2,0.0,1,0,1,92716.65
563,France,Female,32,0,222489.135,1,1,0,287406.40499999997
821,Germany,Female,31,2,103391.355,1,1,1,38167.5
747,France,Female,47,5,209871.9,4,0,1,194946.84
600,Germany,Female,58,8,178084.665,1,0,0,9314.265
625,Spain,Male,32,7,160435.91999999998,1,1,1,202191.02999999997
773,France,Female,41,7,285358.395,1,1,1,86324.475
726,France,Female,53,1,170306.595,1,0,1,42550.815
641,Spain,Female,40,4,151635.405,1,1,1,77554.635
649,France,Female,46,2,0.0,2,1,1,99904.05
434,Spain,Male,33,3,0.0,1,1,1,4109.5650000000005
738,France,Female,38,7,0.0,2,0,0,103841.13
762,Spain,Female,60,10,253381.125,1,1,0,47167.545
507,Germany,Male,31,9,167384.505,1,1,0,225055.785
606,Germany,Female,27,6,258465.495,1,0,1,167173.38
655,Germany,Male,34,7,177042.52500000002,1,1,0,76839.48
697,Germany,Male,51,1,221865.45,1,1,1,80371.70999999999
504,Germany,Male,42,7,196931.04,2,1,1,224546.67
653,France,Female,74,0,181914.48,1,1,1,240522.465
660,Spain,Male,38,6,164803.98,1,1,1,231962.865
652,France,Female,34,6,146153.77500000002,2,1,1,156497.63999999998
669,France,Female,42,9,0.0,2,0,0,203445.48
594,France,Male,35,2,200779.90499999997,1,1,1,98042.49
756,Germany,Male,32,0,164292.24,2,1,1,84264.465
642,France,Female,33,4,126911.01,2,0,1,90089.205
486,Germany,Male,37,1,152157.0,1,0,0,77046.84
804,France,Male,55,7,0.0,2,1,1,178128.90000000002
629,France,Male,59,9,170486.745,1,1,1,175273.185
581,Spain,Female,44,7,283977.24,2,1,0,67539.345
667,France,Male,31,3,149270.865,1,1,1,284485.89
667,Spain,Male,35,4,146377.98,2,0,0,85820.19
679,France,Male,29,3,0.0,2,1,1,95530.59
680,France,Female,43,4,0.0,2,1,1,88141.995
644,Spain,Male,32,3,204989.61,1,1,1,21281.67
571,France,Female,30,4,128633.79,1,1,0,217673.925
627,Spain,Female,35,7,0.0,1,1,0,281577.39
536,France,Male,39,4,0.0,2,1,0,40725.524999999994
599,Spain,Male,33,4,77536.33499999999,1,1,0,167434.13999999998
744,Spain,Male,34,3,0.0,2,1,0,40866.524999999994
709,France,Female,34,2,167504.52,1,1,0,85544.49
653,Germany,Male,31,2,232112.175,2,0,0,37774.515
648,Germany,Male,31,7,188522.265,1,0,1,194971.395
663,Germany,Female,37,8,232955.565,1,1,0,178074.945
613,Germany,Female,43,4,211022.52,1,0,1,30201.105
620,France,Male,28,9,107853.78,1,0,1,285312.34500000003
661,France,Male,51,6,219909.9,1,1,1,102032.85
669,Germany,Male,45,1,185924.625,1,0,0,166322.34
767,Germany,Female,33,1,217129.815,1,1,1,198721.125
491,France,Female,72,6,136927.83000000002,1,1,1,10549.425
653,France,Male,43,0,0.0,2,1,0,41793.87
679,Germany,Male,58,8,188775.795,2,1,1,130512.255
687,France,Male,28,7,162174.99,1,1,1,41116.785
837,France,Female,38,2,0.0,2,1,1,69592.815
850,France,Male,28,8,101459.34,2,1,1,291367.935
663,Spain,Female,53,6,225300.34500000003,1,0,1,226975.90499999997
547,Spain,Female,22,7,211930.725,1,1,0,177214.185
627,France,Female,41,6,0.0,3,1,1,208051.125
707,France,Male,37,1,0.0,2,0,1,9053.265
629,France,Female,43,0,0.0,2,1,1,61895.535
687,France,Female,36,4,145736.94,1,0,1,94777.575
588,France,Female,36,2,0.0,2,1,0,138804.0
502,Germany,Female,33,6,187861.755,2,1,1,238104.105
793,Germany,Male,54,2,193449.195,1,0,0,27950.1
727,Germany,Male,59,5,228871.59,1,1,0,107745.15
632,Spain,Female,32,1,0.0,2,1,0,29288.475
474,Germany,Female,37,5,214032.855,2,1,1,166429.995
850,Germany,Female,31,1,195134.34,2,1,1,6699.3150000000005
584,France,Male,36,9,0.0,1,1,1,158727.76499999998
713,France,Female,32,1,175641.03,1,0,0,224338.245
742,Spain,Male,24,8,0.0,2,1,0,6105.42
607,France,Female,39,10,0.0,3,1,0,199111.695
761,Spain,Female,34,2,0.0,2,1,0,91876.875
600,France,Male,49,7,135328.34999999998,1,1,0,137021.63999999998
650,Spain,Male,42,4,291798.99,1,1,0,256567.965
850,Germany,Male,56,1,254615.745,1,0,0,233775.6
501,France,Female,34,5,0.0,1,1,0,41071.485
418,France,Male,34,8,233960.82,1,1,0,231313.44
797,Spain,Male,59,4,193982.16,1,1,1,140436.825
788,Germany,Female,42,6,207975.735,2,1,0,97119.105
699,Spain,Male,43,2,204731.79,2,1,0,124223.895
616,France,Male,18,6,0.0,2,1,1,40962.87
651,France,Female,41,4,57925.8,1,1,1,157315.2
654,France,Female,28,7,0.0,2,1,0,226974.555
676,France,Female,34,8,124363.71,1,1,0,137726.07
708,Germany,Female,54,8,217727.1,1,0,1,187966.755
499,Spain,Female,42,0,220781.76,1,1,1,22303.41
689,France,Male,39,4,0.0,2,1,0,294168.67500000005
850,Spain,Male,54,7,162278.715,2,0,0,36140.100000000006
502,France,Male,30,4,0.0,2,1,1,99395.805
643,France,Male,34,7,0.0,2,0,1,150456.195
762,France,Male,28,2,0.0,2,1,0,251864.27999999997
719,France,Male,49,5,158877.15000000002,1,1,1,24369.885
789,France,Male,27,6,0.0,2,1,0,155405.47499999998
553,Spain,Male,42,7,0.0,2,1,0,11520.345
448,Spain,Male,25,2,0.0,2,0,0,142823.595
632,Germany,Male,42,6,89958.39,2,0,1,222259.41
669,Spain,Male,25,7,235842.915,2,1,0,186574.35
654,Spain,Male,34,5,0.0,2,1,0,238967.19
726,France,Female,38,4,0.0,2,0,0,10181.22
596,France,Male,21,4,315649.62,2,0,1,295946.65499999997
733,Germany,Female,30,1,153679.065,1,1,0,32335.425000000003
529,Spain,Female,35,5,0.0,2,1,0,84777.0
493,France,Female,37,8,214481.19,2,1,0,238261.485
615,Spain,Female,29,7,214995.84,2,1,1,189594.015
600,France,Female,49,6,0.0,1,0,1,222131.82
666,France,Male,36,4,180248.1,2,1,0,50552.25
644,Spain,Male,54,6,0.0,1,0,1,126933.555
692,France,Female,36,4,0.0,1,1,0,278371.335
707,France,Male,73,6,99859.755,1,1,1,94153.2
603,France,Male,40,4,154250.19,2,1,1,58243.665
671,France,Female,34,5,247136.34,1,1,0,166123.32
568,Spain,Female,36,10,230415.915,1,1,1,81125.70000000001
598,Spain,Female,35,8,0.0,3,0,1,132988.095
606,Spain,Male,42,10,0.0,2,1,0,266907.77999999997
850,Germany,Female,36,3,253538.745,1,1,0,261352.59
644,Spain,Female,26,4,230183.58,2,1,1,124045.26
655,France,Male,37,4,0.0,2,1,1,213623.955
850,France,Male,30,10,230959.335,2,1,0,94216.545
683,Spain,Male,34,9,171914.325,2,0,1,38008.935
663,Germany,Male,37,7,215438.745,2,0,1,264730.57499999995
682,Germany,Female,38,1,174780.41999999998,1,1,1,74750.25
639,France,Male,77,6,121389.03,2,1,1,83743.875
704,France,Male,23,6,249892.17,1,1,1,233734.8
691,France,Female,40,0,173198.97,1,1,1,90933.915
599,France,Male,34,8,0.0,2,1,1,261295.02
573,France,Female,36,1,0.0,1,1,1,85358.06999999999
589,Germany,Female,41,7,138927.93,1,1,1,151768.27500000002
620,Germany,Female,25,8,212738.82,1,1,1,110786.91
647,Spain,Male,28,6,224391.02999999997,2,1,0,153487.785
737,Spain,Female,39,7,195077.49,2,0,0,83034.58499999999
634,France,Female,41,7,0.0,2,1,1,196927.395
660,France,Male,38,4,0.0,2,0,0,132120.645
666,Germany,Female,37,2,237703.14,1,0,1,139899.01499999998
696,France,Male,44,8,242834.685,1,0,0,113343.705
836,France,Female,29,9,200522.67,1,1,1,230621.59500000003
667,Spain,Female,34,5,0.0,2,1,0,245745.96
596,Spain,Male,20,3,280941.69,1,1,0,155184.70500000002
430,France,Male,31,5,0.0,1,1,0,143482.74
596,Spain,Male,67,6,0.0,2,1,1,207526.11
599,France,Male,28,7,179559.33000000002,1,0,0,46785.63
519,France,Female,22,8,0.0,1,0,1,251329.59
721,Germany,Female,45,7,207784.8,1,0,0,89406.67499999999
603,Spain,Female,56,5,136168.13999999998,2,1,0,243335.505
572,Germany,Male,47,4,149030.13,1,1,0,294824.775
453,Germany,Female,40,1,167286.73500000002,1,1,1,180560.76
668,France,Female,37,7,192968.505,1,1,0,138224.46
762,Germany,Male,35,1,176187.76499999998,1,0,1,267542.22000000003
633,France,Female,39,9,193783.725,2,0,0,256498.245
647,Spain,Male,33,7,181890.285,2,1,0,115824.72
796,Spain,Male,56,6,141346.695,1,0,0,181746.9
733,France,Male,39,1,0.0,2,1,1,212761.965
556,France,Male,34,8,245635.59,1,1,1,156000.09
489,Spain,Male,58,4,0.0,2,1,1,287128.98
639,France,Male,22,4,0.0,2,1,0,42283.44
715,France,Male,35,2,211508.205,1,1,1,90611.895
807,Germany,Female,42,9,158034.135,2,1,1,195734.055
714,Spain,Male,34,5,0.0,2,1,0,289560.48
626,Germany,Female,23,6,128846.925,1,1,0,164614.2
697,France,Male,36,7,0.0,2,1,1,112140.48
850,Germany,Female,31,4,247008.99,1,0,1,92904.15
737,Germany,Female,45,2,148754.505,2,1,1,117976.425
812,France,Male,29,6,0.0,2,0,0,252035.4
583,France,Male,36,8,0.0,2,0,1,8357.385
730,Germany,Female,37,5,186079.545,1,1,0,177887.505
677,France,Male,36,4,0.0,2,1,0,11736.465
748,Germany,Female,40,3,155248.635,2,0,0,57229.785
753,Germany,Female,38,9,227650.065,1,1,1,271244.985
634,Spain,Female,36,1,0.0,1,1,1,215941.08
622,France,Male,29,7,152230.44,1,1,1,13182.525
699,Germany,Male,36,2,185402.34,2,1,0,155336.77500000002
570,Germany,Male,38,1,190802.37,1,1,0,220752.42
552,Germany,Male,33,3,217444.11,1,1,0,88267.26
619,France,Female,48,4,0.0,1,0,0,27142.44
714,Spain,Male,33,8,183025.785,1,0,0,243772.755
503,Spain,Male,32,9,150394.32,2,1,1,236881.875
685,Spain,Female,43,6,175953.93,1,0,0,103052.595
606,France,Female,35,0,203976.225,2,1,0,280168.335
678,France,Male,38,3,0.0,2,1,0,99842.4
724,Germany,Male,31,2,241496.31,2,0,1,97247.04
779,Germany,Female,37,2,192584.445,1,1,1,9883.74
638,Spain,Male,35,1,0.0,2,1,0,248055.99
610,Spain,Female,50,5,195831.765,3,1,0,277137.255
646,Germany,Female,57,6,135318.0,1,1,0,20866.905
628,France,Female,29,9,107994.435,1,1,1,52286.19
528,France,Female,32,4,128423.49,2,1,0,234288.645
432,France,Female,27,6,93509.715,2,0,0,80812.005
622,Spain,Female,47,6,213478.545,1,0,0,150274.575
721,France,Male,54,5,0.0,2,1,1,6739.68
614,Spain,Male,36,5,0.0,2,1,0,195916.17
634,France,Female,24,2,131119.785,1,1,0,95010.975
742,France,Female,29,4,0.0,2,1,1,270099.885
516,France,Female,45,4,0.0,1,1,0,142910.595
718,France,Male,35,3,146340.24,1,1,1,80267.61
636,Germany,Male,30,8,212680.965,2,1,1,164528.415
691,Spain,Male,36,7,194901.96,1,0,0,113496.84
698,France,Female,37,2,249267.02999999997,2,1,1,107959.425
712,Spain,Female,39,5,244646.325,2,1,1,35553.63
659,France,Male,20,8,0.0,2,0,0,168858.03
573,Spain,Male,44,8,0.0,2,0,0,93636.69
778,Germany,Female,35,1,227937.285,3,1,1,196857.555
732,France,Male,46,0,0.0,2,1,1,276526.17
550,Germany,Male,33,4,177601.365,1,0,1,20999.46
790,Spain,Male,20,8,0.0,2,1,0,252229.14
665,Germany,Female,43,2,174483.405,4,1,0,53460.18000000001
728,Spain,Female,43,5,0.0,1,1,1,180132.255
645,Spain,Female,29,4,0.0,2,1,1,111519.165
647,Germany,Male,30,6,214708.365,2,1,0,4433.1900000000005
596,Spain,Male,32,4,0.0,2,0,1,219756.525
610,France,Male,40,9,0.0,1,1,1,224403.81
512,France,Male,36,0,194706.255,1,1,0,79531.35
768,Germany,Male,37,9,162462.165,1,1,0,62682.375
666,Germany,Male,30,3,165229.905,1,0,1,112274.19
700,Germany,Female,30,4,174566.22,1,1,1,201625.965
651,Germany,Female,37,10,176686.59,2,1,1,113756.37
542,Spain,Female,26,2,0.0,2,1,1,82304.31
686,France,Female,35,8,158129.595,1,1,0,53034.69
850,Germany,Female,47,4,148829.20500000002,2,1,1,183211.695
658,Germany,Female,55,8,178991.895,1,0,1,179159.49
448,France,Female,36,6,125920.68,2,1,0,122999.295
609,Spain,Male,32,4,149824.74,1,1,1,180892.275
704,France,Male,50,4,248157.39,1,1,0,181156.125
698,France,Male,31,1,234166.86,1,0,0,202186.11
759,France,Male,44,2,166643.37,2,1,0,150206.55
677,France,Female,56,0,179945.175,1,0,0,237488.805
544,Spain,Male,22,4,0.0,2,1,0,105011.505
567,Spain,Male,35,8,229706.61,1,1,0,132988.605
490,Spain,Male,40,6,234166.62,1,0,0,286333.695
626,France,Male,34,7,169522.05,2,1,1,84969.42
718,Germany,Male,43,5,198923.59500000003,2,1,0,49498.649999999994
616,France,Male,44,5,153024.57,1,0,1,267353.055
772,France,Female,35,9,0.0,1,0,1,38172.465
561,France,Male,32,5,0.0,2,1,0,127307.98500000002
814,France,Male,49,8,0.0,2,0,0,236733.81
651,France,Female,56,4,0.0,1,0,0,126574.83
538,Germany,Female,42,4,120570.36000000002,1,1,0,178824.69
600,France,Female,26,6,163363.68,1,1,0,123820.51499999998
654,France,Female,35,2,136298.7,1,1,1,130146.69
622,France,Male,40,4,149699.63999999998,2,1,0,296058.195
682,France,Male,28,10,301087.44,1,0,1,124308.96
610,Spain,Female,37,10,210545.925,2,1,1,194345.79
795,France,Female,36,1,227766.96,1,1,1,203083.335
557,France,Female,27,2,0.0,2,0,1,6746.325000000001
824,Germany,Male,49,8,199847.22000000003,1,1,1,101828.055
698,France,Male,27,7,0.0,2,1,0,167207.325
630,France,Female,36,8,189898.485,2,1,1,201611.895
609,Germany,Female,71,6,169975.65000000002,1,1,0,162387.33000000002
694,France,Male,47,4,0.0,2,1,0,296292.93
681,France,Female,58,8,139760.82,1,1,1,209641.875
721,Spain,Female,32,10,0.0,1,1,0,204179.94
563,Germany,Male,44,7,157510.965,2,1,1,296718.24
654,Spain,Female,32,2,0.0,1,1,1,77959.38
659,Spain,Male,27,4,0.0,2,1,0,149012.805
674,Germany,Female,44,4,197390.775,1,0,1,257017.52999999997
576,Germany,Male,44,9,179295.78,1,1,0,178585.02
566,Germany,Male,54,4,177921.90000000002,2,1,1,258902.43
545,Germany,Male,37,9,143743.695,2,0,1,157405.32
798,France,Male,36,1,0.0,2,1,1,238566.15
757,France,Male,38,0,0.0,1,1,0,124894.59
641,France,Male,50,6,230386.09500000003,2,1,1,196366.17
718,France,Male,29,2,0.0,1,1,0,189505.08
699,France,Male,64,9,169664.28,1,1,0,41971.2
623,France,Female,35,0,195835.86,1,1,1,71821.065
644,France,Male,40,8,139774.785,1,1,0,110823.73500000002
586,France,Male,58,7,227900.445,1,1,0,244440.075
500,Germany,Male,30,2,188243.46,2,1,1,103211.205
583,France,Female,42,7,0.0,2,1,0,216058.575
595,Germany,Female,26,8,177821.58000000002,1,1,1,226788.27
670,Spain,Male,43,1,146688.315,1,0,0,180338.43
610,France,Male,41,6,0.0,3,0,0,84178.215
814,Spain,Female,72,2,0.0,2,0,1,196279.545
660,France,Female,40,8,250771.515,1,1,1,277735.41000000003
580,Germany,Male,35,9,182032.785,1,0,1,53507.175
850,France,Female,81,1,0.0,2,1,1,89352.36
676,Spain,Male,35,0,0.0,2,0,0,209867.37
578,France,Male,46,5,169839.70500000002,1,1,0,85156.14
579,France,Female,33,1,177589.125,1,1,1,236347.125
711,Germany,Female,52,8,217893.81,1,0,1,197209.965
692,France,Male,40,6,245257.74,1,0,0,135636.135
760,Spain,Female,33,1,177171.41999999998,2,0,1,234990.315
630,Germany,Female,51,0,162673.845,3,0,0,132559.035
808,France,Male,32,1,0.0,2,1,1,69301.065
611,Germany,Female,36,10,154941.84,1,1,0,240822.18
697,France,Female,42,1,0.0,1,1,0,1894.245
655,France,Female,38,6,0.0,1,1,1,282958.92
601,Spain,Male,28,6,0.0,2,1,0,21997.92
755,France,Male,42,2,179878.68,1,1,0,235302.315
553,France,Male,37,1,0.0,1,1,0,45692.325
723,France,Male,28,4,0.0,2,1,1,185828.82
507,Spain,Female,34,4,0.0,2,1,1,91032.57
777,France,Male,43,1,0.0,2,1,0,32678.865
566,France,Male,34,3,0.0,1,0,0,282203.53500000003
732,France,Male,26,7,0.0,2,1,0,231546.99
697,France,Female,42,10,0.0,2,1,0,91968.225
555,France,Male,29,4,193116.06,1,1,1,71182.395
584,Germany,Female,62,9,206591.01,2,0,1,181654.35
705,Germany,Female,44,10,160097.37,1,1,0,206129.805
688,France,Female,38,7,185316.315,1,1,1,236496.02999999997
626,France,Female,37,2,200953.44,2,1,0,223034.475
636,Spain,Male,76,9,189801.9,1,1,1,59684.43000000001
719,Spain,Female,35,8,0.0,1,1,1,247743.6
706,Spain,Male,30,6,131414.52,2,0,0,206511.825
731,Spain,Male,41,3,0.0,2,1,0,152057.58000000002
738,Spain,Male,49,3,0.0,3,1,1,97599.72
426,France,Male,34,9,0.0,2,1,0,161815.365
622,Spain,Female,36,0,163440.0,2,1,0,166770.45
701,Spain,Female,30,2,0.0,2,1,0,173475.945
512,France,Male,51,6,217429.965,1,1,1,247552.755
635,France,Male,41,4,155317.32,2,1,0,290619.82499999995
685,France,Male,33,6,0.0,1,1,0,87687.39
609,France,Male,53,7,0.0,2,0,1,78499.275
598,Germany,Male,38,1,152230.77,1,1,1,113938.65
708,France,Male,52,10,158033.715,1,1,0,184.605
574,Spain,Male,36,4,116951.25,1,1,0,250600.425
629,France,Male,44,5,0.0,4,0,0,176358.885
422,Spain,Female,54,4,0.0,2,1,1,10750.065
656,Spain,Male,28,8,180071.655,1,1,1,205760.085
697,France,Male,32,7,263197.275,3,1,0,174663.63
718,France,Male,52,8,119212.95,3,1,1,48631.98
586,Germany,Male,37,8,251603.535,2,0,1,156998.685
481,Spain,Female,37,8,0.0,2,1,0,66323.79000000001
749,France,Female,33,1,111578.97,1,1,0,30246.705
561,Germany,Male,49,5,142131.0,1,1,1,40036.965
676,Spain,Male,27,4,0.0,1,0,1,161933.505
615,Germany,Male,43,3,130381.29,1,1,1,225072.555
582,France,Female,39,1,198116.22000000003,2,1,0,288382.725
601,France,Male,40,10,191771.79,1,0,0,259868.52
708,France,Male,34,3,0.0,1,0,1,182186.82
708,Germany,Male,42,9,265053.54,2,1,1,157207.11000000002
797,Germany,Female,33,10,125333.37,1,0,0,104650.71
682,France,Male,26,8,0.0,2,1,0,267560.145
694,Spain,Female,39,9,0.0,2,0,0,149886.06
490,France,Female,40,1,0.0,1,1,1,74391.285
828,Spain,Male,42,10,0.0,1,1,1,279106.71
594,Spain,Female,38,7,145287.52500000002,1,1,0,116267.175
579,Spain,Male,33,1,0.0,2,1,1,82224.855
723,France,Female,35,0,0.0,2,0,1,91936.485
619,Germany,Female,42,8,199194.06,3,1,1,287732.025
794,Spain,Female,30,1,232455.81,1,0,1,235152.675
674,Germany,Male,44,3,133353.315,1,1,0,110596.98
418,France,Male,28,7,148108.38,1,1,0,183285.33
502,France,Male,33,8,0.0,2,1,1,185263.515
678,France,Female,50,6,0.0,1,1,0,12299.25
599,Germany,Male,40,10,206184.42,2,1,1,21169.665
736,France,Male,29,4,0.0,2,0,0,77557.515
430,France,Female,60,7,110905.53,1,1,0,242906.43
537,France,Female,45,7,237931.56,1,1,0,181339.44
683,Spain,Male,30,1,169885.8,1,1,1,97552.53
828,France,Male,31,9,0.0,1,0,1,246386.055
691,France,Female,29,9,174804.645,1,1,0,77981.985
608,Spain,Female,28,4,0.0,2,1,0,16349.445
691,France,Female,60,6,151606.035,1,1,0,266033.69999999995
718,Spain,Male,39,6,0.0,2,0,1,95833.65
680,Germany,Female,31,3,190997.19,3,1,1,264650.4
838,Spain,Female,41,5,0.0,2,1,0,121970.26499999998
695,Spain,Female,31,5,0.0,2,0,1,20998.32
681,France,Male,46,0,158954.13,1,1,0,8657.34
762,France,Male,36,5,179321.19,1,1,1,64040.475000000006
751,Spain,Male,38,7,0.0,2,0,0,136259.415
678,Spain,Male,28,5,208002.27,1,1,1,81216.015
634,France,Female,37,7,77373.75,2,1,1,276469.32
749,France,Male,37,7,0.0,2,1,0,30460.185
590,Spain,Male,37,6,254854.38,1,1,1,192384.27
610,France,Female,27,4,130893.6,2,1,0,274080.105
502,France,Male,33,7,0.0,2,0,1,6123.78
578,France,Female,40,7,0.0,2,0,0,153350.595
547,France,Female,32,2,0.0,2,1,0,198004.245
579,France,Female,27,9,0.0,2,1,0,190258.05
661,France,Male,39,5,0.0,2,0,0,272192.19
794,France,Male,46,6,0.0,2,1,0,292988.61
719,France,Male,61,5,0.0,2,0,1,43698.645
728,France,Female,69,1,0.0,2,1,1,197707.29
598,Germany,Male,19,3,225522.555,1,1,1,260676.06
822,Germany,Female,46,3,172611.03,2,1,0,39374.79
670,Spain,Female,40,3,0.0,1,1,1,273975.225
850,France,Male,28,8,149980.47,1,1,0,294873.82499999995
723,Germany,Female,68,3,165535.5,1,0,0,212966.31
705,Germany,Male,42,8,250028.88,2,1,1,82970.265
677,Spain,Male,40,7,142969.2,1,1,1,94417.125
736,France,Male,43,4,303665.205,1,1,0,108562.545
661,Germany,Female,47,0,164240.43,1,0,0,282486.015
501,Germany,Male,38,9,133466.085,2,0,1,200104.605
516,France,Female,29,2,157473.855,1,1,0,236067.75
517,Germany,Female,59,8,231166.485,2,1,0,151860.12
766,France,Male,32,6,278571.42,1,1,1,153753.75
520,Germany,Female,23,3,174033.79499999998,2,1,1,56366.490000000005
541,France,Male,46,6,0.0,2,1,1,125185.005
790,Germany,Female,34,2,246017.22000000003,1,1,0,299130.615
797,France,Male,31,9,0.0,2,1,1,37123.335
811,France,Male,40,1,152272.335,1,1,1,182647.5
722,Spain,Female,32,4,0.0,2,1,1,170499.72
675,France,Male,28,9,0.0,1,1,0,201166.395
660,Germany,Male,39,9,201898.995,2,1,0,274643.805
566,Spain,Male,32,10,221266.89,1,1,1,239836.545
768,France,Male,25,0,117594.12,1,1,1,12474.285
610,Spain,Female,31,5,0.0,2,0,0,95604.54
715,France,Female,31,3,165871.935,1,1,1,142072.86000000002
750,Germany,Male,42,8,227754.54,2,1,0,103043.07
431,Germany,Male,45,5,125436.825,2,0,0,55349.43000000001
704,France,Male,24,2,222295.725,2,1,0,274162.62
535,Spain,Female,30,5,184387.125,1,0,0,93585.885
614,France,Female,38,4,108891.0,1,1,1,114063.72
748,France,Male,38,4,172832.04,1,0,1,106435.125
492,Germany,Male,51,8,176713.11000000002,2,1,1,100966.68
573,France,Male,40,7,221632.02,1,1,1,165681.69
706,Spain,Female,53,3,0.0,3,0,0,132718.53
680,France,Male,31,10,169938.255,1,1,1,183959.595
458,Spain,Male,36,5,0.0,2,1,0,119585.67
612,Germany,Male,44,2,172745.07,1,1,1,146516.28
809,Germany,Male,50,10,177147.93,1,1,1,151080.03
590,France,Male,39,9,0.0,2,1,1,157095.78
602,France,Male,35,8,0.0,1,1,1,33748.935
540,Spain,Male,37,0,181238.55,1,1,0,42386.835
494,France,Male,25,6,0.0,2,0,1,164982.135
797,France,Male,29,1,0.0,1,0,1,224986.98
526,Germany,Male,61,6,200767.92,2,1,1,67771.20000000001
631,Spain,Male,38,7,0.0,2,1,0,272408.775
576,France,Female,29,5,162811.56,1,1,1,189703.635
405,France,Male,39,10,0.0,1,1,0,241216.275
555,France,Male,30,1,0.0,2,0,0,132220.29
750,Spain,Female,37,2,170725.59,1,0,0,132500.61000000002
665,France,Male,28,8,205950.34500000003,1,1,0,135262.245
640,Spain,Male,37,5,237036.57,1,1,0,121947.135
457,France,Female,33,7,191756.31,1,0,1,90019.755
695,France,Male,36,4,242299.5,1,1,0,151411.365
645,France,Male,31,7,241757.55,2,1,0,18899.91
647,Spain,Male,32,9,121437.54,1,1,1,192886.095
808,Spain,Male,25,7,0.0,2,0,1,34770.555
641,France,Male,33,2,219290.4,2,1,1,83695.245
700,Spain,Male,29,8,0.0,2,0,1,228145.52999999997
660,Germany,Male,26,4,172532.63999999998,1,0,1,243664.575
615,Spain,Male,41,1,190160.145,1,1,1,83326.89
705,Germany,Female,40,3,139334.865,1,1,1,164245.035
718,France,Male,48,9,0.0,2,1,1,108158.445
754,France,Male,61,5,219933.525,1,1,1,62722.83
713,Germany,Male,45,4,196557.21,1,1,0,111007.56
587,France,Female,46,6,133230.435,1,0,0,105336.51
569,Spain,Male,31,1,173110.45500000002,1,0,0,218292.33
568,France,Female,38,3,199427.88,1,0,1,186729.42
634,Germany,Male,74,5,163337.55,1,1,0,15117.03
770,Germany,Female,46,5,212682.945,2,0,0,247450.815
676,Spain,Female,64,4,175431.48,1,1,1,136724.22
723,Germany,Female,47,10,135675.0,2,0,0,155068.965
614,Germany,Female,39,8,188995.83,1,1,1,192074.01
601,Spain,Female,41,3,0.0,2,1,0,81514.245
592,France,Male,60,9,0.0,4,1,1,20421.015
605,Spain,Female,36,9,0.0,2,0,1,53282.44499999999
752,Spain,Female,31,4,216956.79,2,1,0,60745.08
677,France,Female,29,3,129924.525,1,0,0,137855.84999999998
850,France,Male,31,8,0.0,2,1,0,268001.55000000005
608,Germany,Female,48,2,191886.375,2,1,0,48303.915
786,Spain,Female,34,9,0.0,2,1,0,175551.48
777,France,Female,29,9,196860.915,1,1,1,245619.135
667,Spain,Male,31,5,0.0,2,1,1,30520.034999999996
848,Spain,Male,35,5,180070.11000000002,2,1,0,127065.975
486,France,Female,39,8,146729.04,1,0,1,180796.965
598,Spain,Female,64,1,94469.895,1,1,1,228410.355
506,France,Female,40,3,0.0,1,1,1,216518.37
612,Germany,Male,46,9,242175.045,1,1,1,145441.5
545,France,Male,30,3,0.0,2,1,0,255461.145
793,France,Male,56,8,179244.375,2,1,0,44821.485
682,France,Female,30,9,0.0,2,1,1,292657.365
517,France,Male,62,1,65658.99,3,1,0,281634.36
684,France,Male,32,9,150374.115,2,0,1,101399.535
692,Spain,Male,46,2,0.0,2,1,1,158974.635
740,France,Female,60,5,162042.12,2,0,0,38970.63
666,Germany,Male,71,1,79519.935,2,1,1,168333.96
693,France,Male,68,2,0.0,2,1,1,89797.44
757,Germany,Male,33,1,183133.005,1,1,0,63871.634999999995
684,Germany,Male,18,9,135816.0,1,0,1,7165.844999999999
691,Spain,Male,35,6,0.0,2,0,1,267057.255
842,France,Male,44,3,211878.27,4,0,1,192781.74
482,France,Female,35,5,221719.575,2,0,0,163544.58000000002
735,France,Male,55,6,201211.02,1,1,0,3401.82
681,France,Female,63,7,0.0,2,1,1,82581.72
616,France,Female,31,8,0.0,1,0,1,114684.255
850,France,Female,35,2,192822.735,4,1,0,113218.425
635,France,Male,43,10,183297.315,2,0,1,268716.81
638,Germany,Male,42,8,217766.76,1,1,0,290207.61
820,Spain,Female,31,2,141333.79499999998,1,1,0,155356.2
694,Germany,Female,58,1,214818.33,1,0,0,153942.84
713,France,Male,41,3,0.0,2,1,0,83658.06
543,Germany,Male,41,6,215025.615,1,1,1,288105.24
649,France,Female,41,3,196397.745,1,1,1,217212.555
777,France,Female,30,4,206776.965,1,1,0,7512.344999999999
561,France,Male,33,6,0.0,2,0,0,260520.585
724,Spain,Male,41,5,0.0,1,0,1,173630.91
665,Spain,Female,51,8,0.0,1,1,1,58392.72
441,France,Male,60,1,210921.225,1,0,1,261571.84500000003
579,Spain,Male,22,3,178020.855,1,1,1,74744.70000000001
777,Germany,Male,35,7,184376.535,1,1,1,114254.52
739,France,Female,36,0,0.0,2,0,0,200198.355
660,France,Male,40,5,197631.165,2,1,1,58142.415
554,France,Female,35,8,0.0,2,1,1,265169.19
850,France,Female,24,6,0.0,2,1,1,19739.85
842,Germany,Female,35,9,179922.135,1,1,0,72326.955
785,France,Female,38,1,0.0,1,1,0,202447.275
550,France,Male,25,0,0.0,2,1,1,276331.665
750,Spain,Female,39,6,0.0,2,0,0,28896.495000000003
490,Spain,Female,38,3,145899.15000000002,1,1,1,139195.845
605,Germany,Male,28,10,170536.245,1,1,0,49671.36
563,Spain,Female,42,6,148584.33000000002,2,1,0,231521.925
675,France,Male,34,8,0.0,2,1,1,277263.315
621,Spain,Female,36,7,174508.02,1,1,1,233615.22000000003
850,France,Male,40,6,146009.98500000002,1,0,1,133222.875
711,France,Male,41,3,0.0,2,1,1,290621.355
549,Germany,Female,55,1,206388.465,2,0,1,174822.03
764,Germany,Male,34,6,163140.405,2,1,0,249487.185
627,Germany,Male,30,3,193156.32,2,1,1,60298.515
850,France,Female,34,2,0.0,2,0,0,77878.56
614,Spain,Female,36,1,66082.26,1,1,1,109993.62
685,Germany,Female,44,2,179486.29499999998,1,1,0,218080.575
683,Germany,Female,49,7,163196.445,2,0,0,211144.77
643,Spain,Male,35,2,0.0,2,0,0,101969.025
561,Germany,Female,49,1,153037.98,1,1,0,199577.46
601,Spain,Female,20,9,183669.915,2,1,0,130187.85
766,France,Female,27,7,238180.005,2,0,1,71368.875
699,France,Male,29,3,188533.935,1,1,1,227435.565
850,Germany,Male,29,1,231960.615,1,1,1,246059.265
792,Germany,Female,50,4,220066.14,1,1,0,24792.6
636,Germany,Male,67,7,205064.025,1,0,1,100129.65
850,Germany,Male,43,5,193957.635,2,0,1,28866.870000000003
628,Spain,Male,40,10,0.0,2,1,0,155748.87
736,France,Female,63,10,0.0,2,0,1,754.05
711,France,Female,21,0,124266.495,2,0,1,2113.02
583,Spain,Female,22,2,0.0,2,0,1,8978.039999999999
757,France,Male,46,0,0.0,2,1,0,56190.075
749,Germany,Female,33,10,115038.33,1,0,1,45594.645
705,France,Male,34,7,176573.76,1,1,0,3748.005
585,France,Male,54,8,130657.98,1,1,1,83019.20999999999
437,France,Female,43,6,0.0,1,1,0,222496.455
741,France,Female,64,2,103966.74,1,1,1,88856.58
738,France,Male,26,9,0.0,2,1,1,72967.41
586,Spain,Female,33,10,100423.005,2,1,1,211138.545
627,France,Female,57,9,0.0,2,1,1,161568.63
551,Spain,Male,76,2,192616.065,2,1,1,272578.09500000003
606,Germany,Male,38,3,149846.29499999998,1,0,0,55581.975000000006
674,France,Male,22,3,0.0,1,1,1,260910.885
584,Germany,Female,31,6,228933.51,1,1,0,148948.2
590,France,Male,40,8,0.0,2,1,0,94399.545
585,France,Male,56,4,207340.785,2,1,1,82931.76
508,France,Female,25,2,167093.29499999998,1,0,1,72295.59
458,Germany,Male,44,7,126579.855,1,1,0,267964.09500000003
692,France,Female,36,3,0.0,2,1,1,12423.329999999998
502,Germany,Male,33,5,262010.475,2,1,0,49950.84
518,France,Male,46,3,0.0,2,1,0,114773.685
660,Germany,Male,46,5,163529.47499999998,2,1,1,50520.84
698,Germany,Female,52,1,161860.125,1,1,0,253329.585
678,France,Male,54,7,193372.455,1,0,0,287619.34500000003
773,Spain,Male,63,9,166769.745,1,1,1,139636.53
619,Germany,Female,52,8,186148.695,1,0,0,35856.78
684,Germany,Male,59,9,183706.635,1,0,1,23710.605
635,France,Male,34,3,202038.6,2,1,1,125659.53
680,France,Female,25,4,185724.75,1,1,1,135243.52500000002
608,Germany,Male,34,3,159432.81,1,1,1,54958.875
603,Germany,Female,55,7,191584.875,2,1,0,209203.665
579,Spain,Male,43,2,218765.73,1,1,1,297603.555
756,Germany,Female,34,2,222301.08,1,0,0,291876.72000000003
611,France,Male,30,2,156218.47499999998,1,0,0,239444.46
532,Germany,Male,24,8,214132.875,1,0,0,51347.22
684,Germany,Female,63,3,121868.685,1,1,0,104464.965
647,Germany,Female,33,3,252840.69,2,0,0,135405.24
583,France,Male,38,8,0.0,1,1,0,71772.84
774,Germany,Male,42,2,198290.91,2,1,1,244298.27999999997
677,France,Male,58,9,0.0,1,0,1,252975.6
542,Germany,Male,25,8,208995.15,1,0,0,81558.55500000001
613,Spain,Male,29,0,0.0,2,0,1,200845.98
666,France,Male,40,5,0.0,2,1,0,221817.075
777,France,Female,28,2,201857.25,1,0,1,177470.07
581,Germany,Male,50,2,215743.8,2,1,0,271836.36
705,France,Male,32,7,0.0,2,1,0,11882.355
673,France,Female,44,8,200167.455,1,0,1,8562.285
594,Germany,Female,23,4,157130.76,2,1,0,85134.78
648,Germany,Female,51,2,174862.26,1,1,0,6181.5599999999995
605,France,Male,41,10,0.0,2,0,1,145819.635
734,France,Female,40,9,265372.19999999995,1,1,1,19198.845
572,France,Female,36,8,102522.27,2,0,1,75600.48
595,France,Female,33,9,0.0,2,1,1,62171.79
749,France,Male,42,2,85090.245,2,0,1,278315.025
573,Spain,Male,46,3,97903.845,1,0,1,284982.975
624,Spain,Male,33,6,99330.255,1,0,1,256228.515
703,France,Male,56,9,0.0,1,0,0,128320.995
665,France,Female,41,8,144221.325,1,1,0,205556.955
648,France,Male,42,4,0.0,2,1,0,28924.71
850,Spain,Male,48,2,0.0,1,1,0,254137.95
569,Germany,Female,32,8,217995.645,1,1,1,198057.975
566,France,Female,21,3,0.0,2,1,1,5439.705
537,Germany,Female,47,4,186288.42,2,1,1,76322.265
706,Germany,Female,46,7,166932.27,1,1,1,223755.375
734,France,Male,43,7,161708.505,1,0,0,273758.52
586,Germany,Female,36,5,155551.035,1,1,0,291108.83999999997
612,France,Female,38,1,0.0,2,1,1,13813.815
648,France,Male,34,0,0.0,1,1,1,251897.715
557,France,Female,27,3,131608.62,1,1,1,184644.84
643,Spain,Female,20,0,199970.01,1,1,1,5948.535
433,France,Female,49,10,0.0,1,1,1,131567.415
643,Germany,Male,41,7,232353.99,1,1,1,74500.92
488,France,Female,36,0,0.0,2,1,0,205012.83
758,Germany,Male,68,6,168893.77500000002,1,1,0,53798.16
743,Germany,Male,39,3,179543.625,1,0,1,39204.195
730,France,Female,47,7,0.0,1,1,0,50059.89
746,Spain,Male,49,7,0.0,2,0,1,15144.375
666,Germany,Female,59,8,228921.765,2,1,1,283173.44999999995
580,Germany,Female,33,7,197470.515,2,0,0,119662.785
850,France,Male,27,6,144982.08000000002,2,0,0,229110.24
563,France,Male,22,3,206374.56,1,0,1,8687.775000000001
766,Germany,Female,28,3,94076.76,2,1,1,19773.645
659,France,Male,32,9,143065.695,1,0,1,281326.86
607,Spain,Male,28,1,203904.15,2,1,1,165840.21
644,Germany,Male,35,5,242386.665,3,1,1,95693.43
746,France,Male,47,8,213573.045,1,1,1,93129.93
588,Spain,Male,33,2,0.0,2,1,1,18725.34
691,Spain,Male,30,9,0.0,2,0,1,16444.56
666,France,Female,38,6,190564.635,1,1,1,12370.5
640,Spain,Female,46,3,0.0,1,1,1,234390.12
611,Germany,Female,29,4,118328.82,2,1,1,40391.535
651,Spain,Female,45,8,143884.34999999998,1,1,0,127173.63
529,France,Female,29,8,0.0,2,1,0,29763.165
676,France,Female,36,3,137567.385,1,1,1,143090.145
639,Germany,Female,46,10,165046.635,2,1,1,200993.385
782,France,Male,36,5,121816.08,2,0,1,162005.07
641,Germany,Male,32,5,184421.88,1,1,1,148732.29
697,France,Female,38,1,273098.775,1,1,0,74255.25
623,France,Male,45,0,0.0,1,1,0,294800.58
494,Spain,Female,41,2,104961.99,2,1,0,282639.195
731,France,Female,38,10,185567.595,2,1,0,257011.02
657,France,Male,44,6,114742.56,1,1,0,118607.835
744,France,Female,38,9,0.0,2,0,0,31411.14
774,Spain,Male,46,9,0.0,2,1,1,52161.39
850,Germany,Female,45,1,182812.335,1,0,0,10298.115
551,France,Female,45,6,0.0,2,1,1,76715.145
638,France,Male,36,6,282682.78500000003,1,0,0,70547.1
792,France,Female,42,0,148568.895,2,1,0,70740.015
666,France,Female,36,8,0.0,1,0,1,238000.485
716,Germany,Female,30,2,308656.17,2,0,0,98196.99
594,France,Female,31,0,119011.425,1,1,0,117383.79
600,Germany,Male,57,9,207684.045,2,1,1,155322.375
565,France,Male,49,7,0.0,2,1,1,134413.88999999998
678,Germany,Male,48,2,151649.84999999998,2,0,1,290214.06
648,Spain,Female,31,5,0.0,2,1,1,7798.530000000001
642,France,Male,40,8,163829.745,1,1,0,79241.265
706,Germany,Male,67,1,184915.035,2,1,1,129761.82
668,Spain,Male,43,10,169551.465,1,1,1,150635.82
635,Spain,Male,41,1,0.0,2,1,0,263417.25
603,Spain,Male,30,6,194322.75,2,1,1,28924.275
635,France,Female,72,4,112219.26,1,0,1,41172.495
642,France,Female,40,7,0.0,2,1,0,275945.01
785,Spain,Female,54,1,0.0,2,1,0,67670.88
628,Germany,Female,28,3,230307.195,2,1,0,166164.01499999998
499,France,Female,38,9,0.0,2,0,1,274563.30000000005
567,Spain,Male,34,10,0.0,2,0,1,242357.685
449,Spain,Male,32,0,233429.04,1,1,1,250038.045
701,Spain,Male,35,10,239540.85,2,1,1,106760.46
613,Spain,Male,37,3,257479.755,1,0,1,8029.68
683,Germany,Female,39,2,71528.205,2,1,1,129029.22
581,France,Male,35,4,0.0,2,0,1,129575.73
620,France,Male,61,5,0.0,1,0,0,47462.28
561,Spain,Male,28,6,185538.0,1,1,1,105823.44
558,Germany,Male,26,1,223279.935,2,1,1,36616.53
642,France,Male,35,2,199742.925,1,0,1,183382.29
805,Germany,Male,24,6,214832.025,2,1,0,279053.58
687,France,Male,35,9,0.0,2,0,1,109700.73
695,Spain,Male,56,1,0.0,3,1,0,281601.735
562,France,Male,33,6,0.0,2,1,0,167385.52500000002
613,Germany,Male,38,9,189398.82,2,0,0,23789.925000000003
589,France,Male,37,5,0.0,1,1,0,91987.305
593,Spain,Male,31,8,169070.01,1,1,1,265303.335
714,France,Male,34,5,211759.545,1,0,1,148344.09
588,Spain,Female,35,7,0.0,2,1,1,163108.72499999998
679,Spain,Male,39,6,0.0,2,1,0,18399.09
730,Spain,Male,38,5,178299.54,1,1,1,244976.25
833,France,Male,47,2,0.0,2,1,1,273371.65499999997
586,Spain,Female,33,7,0.0,2,1,1,252392.1
567,Spain,Female,54,5,138474.465,2,1,0,237885.99
637,Germany,Male,30,1,183278.295,1,1,0,153849.69
711,France,Male,38,4,185018.775,1,1,0,212741.745
828,France,Male,30,4,109605.27,2,0,0,242506.725
500,Spain,Male,38,7,0.0,2,0,0,288019.84500000003
807,France,Male,47,1,142680.885,1,0,0,191812.65
850,France,Male,40,8,154200.97499999998,1,1,0,91217.34
782,France,Female,70,7,145608.63,1,0,1,196765.83
629,Spain,Male,31,6,199314.825,1,1,1,196293.165
582,Spain,Male,33,6,0.0,2,0,1,109456.395
468,France,Male,22,2,0.0,2,1,0,42185.985
670,France,Male,36,3,0.0,1,1,0,211131.285
805,France,Male,39,2,0.0,1,0,0,249975.48
720,France,Male,26,10,77944.365,2,1,0,68260.86
781,Spain,Female,29,6,148139.835,1,0,0,168303.96
592,Germany,Male,33,2,234856.29,1,1,1,55710.3
542,France,Female,42,1,0.0,1,1,1,267384.87
532,France,Male,42,1,238537.065,1,1,0,151474.395
520,France,Female,39,1,110239.755,1,0,1,164439.195
759,France,Female,45,8,0.0,2,1,1,148876.86000000002
473,France,Female,35,6,104426.04,1,1,0,215018.535
639,Spain,Female,35,5,204789.39,2,1,0,89479.545
705,France,Male,25,3,170604.405,1,0,1,295296.915
530,France,Male,52,1,160084.91999999998,1,0,0,164940.59999999998
516,Germany,Female,33,10,208271.85,1,1,1,190885.05
850,France,Female,40,0,0.0,2,1,0,1649.9250000000002
746,Germany,Female,33,2,161802.21,2,1,1,219288.6
622,Germany,Male,33,3,145389.18,2,1,0,72830.655
743,France,Male,30,7,116398.845,1,0,0,216610.65
732,Germany,Male,38,5,268181.31,1,1,1,293640.795
850,France,Male,81,5,0.0,2,1,1,67241.205
850,Germany,Female,34,3,194502.645,2,1,1,133115.98500000002
686,France,Male,34,6,219267.195,2,1,1,133255.665
556,France,Female,40,8,0.0,2,1,0,93169.05
673,France,Male,37,4,0.0,2,0,0,245344.605
809,France,Female,38,2,232144.815,2,1,1,262200.46499999997
634,Germany,Female,56,3,174376.86000000002,1,0,1,63644.81999999999
630,France,Male,37,6,0.0,2,1,1,123971.475
564,Germany,Female,30,0,151432.32,2,0,0,201262.725
625,France,Female,51,4,186930.015,2,1,0,138365.91
677,Spain,Female,34,4,0.0,2,1,1,9263.295
583,France,Male,40,9,169051.56,1,0,0,43820.445
592,Spain,Male,45,8,127038.75,1,0,1,100821.03
637,Germany,Male,49,2,162306.78,1,1,0,253556.76
850,France,Male,30,6,129674.085,1,1,1,283213.84500000003
633,Spain,Male,42,10,0.0,1,0,1,119112.255
751,Germany,Male,36,5,109792.48500000002,1,1,1,133833.99
592,Germany,Male,31,7,186889.845,1,1,0,129119.505
716,Germany,Male,50,2,179483.655,1,1,1,19416.255
641,Germany,Male,42,3,182648.055,2,1,1,249775.26
849,France,Male,35,4,166256.595,1,0,0,189629.7
647,Spain,Male,47,10,149752.755,1,0,1,133654.575
608,Germany,Female,30,2,136586.055,2,1,0,199459.755
555,France,Female,26,7,0.0,2,1,0,139683.615
497,Spain,Male,27,7,224100.40499999997,1,0,0,251283.285
599,Germany,Male,38,9,133667.445,1,0,0,235859.4
545,Germany,Male,33,1,198791.85,2,0,1,161144.565
774,France,Female,36,9,172496.13,1,1,0,112956.135
464,France,Male,46,6,242697.795,1,1,0,274416.705
696,Germany,Female,27,2,144193.98,2,1,1,8975.55
667,Spain,Male,45,3,0.0,2,0,0,245482.515
812,France,Male,32,5,199576.455,2,1,0,134078.88
516,France,Male,51,8,180186.525,2,0,1,253160.31
645,France,Male,39,8,0.0,2,0,0,145296.54
664,Spain,Male,32,5,200558.61,1,0,0,201683.76
427,Spain,Female,39,9,0.0,2,1,0,42552.555
685,France,Female,40,7,0.0,2,1,0,155847.885
585,France,Female,33,4,229207.575,1,1,0,94859.475
519,Germany,Female,21,1,227552.175,3,1,1,255208.02
708,France,Female,67,1,0.0,2,0,1,5755.62
717,France,Female,22,5,168697.59,1,1,1,139466.625
465,Germany,Male,24,6,234010.635,1,1,0,287052.555
829,Germany,Male,28,3,198608.27999999997,3,1,0,157333.8
826,France,Male,26,5,213994.02,1,0,0,90427.95
