credit_score,country,gender,age,tenure,balance,products_number,credit_card,active_member,estimated_salary,churn,y_pred,y_pred_proba
593,Germany,Male,74,5,161434.36,2,1,1,65532.17,0,0,0.07496962920766642
558,Germany,Male,32,4,108235.91,1,1,1,143783.28,0,0,0.17167664074659636
578,France,Male,23,10,88980.32,1,1,1,125222.36,0,0,0.0836881949995469
699,France,Female,43,3,80764.03,1,1,0,199378.58,1,1,0.5866838027370717
662,France,Female,22,2,126362.57,2,1,1,97382.8,0,0,0.10461349468540806
538,Spain,Male,68,9,0.0,2,1,0,110440.5,1,0,0.3795332156637883
636,Spain,Female,36,1,0.0,1,1,0,43134.58,0,1,0.6158459348389411
656,Germany,Female,23,4,163549.63,1,0,1,21085.12,0,0,0.20413656819491632
561,Spain,Female,28,3,0.0,2,1,0,191387.76,0,0,0.10423789694721743
670,France,Female,54,2,95507.12,1,1,1,63213.31,0,1,0.6197513022449425
630,Spain,Male,30,3,0.0,2,0,1,10486.69,0,0,0.03058041323449393
616,Germany,Female,57,7,116936.81,1,1,1,104379.36,0,1,0.7233533877856854
481,France,Female,39,6,0.0,1,1,1,24677.54,0,0,0.28863523168978555
577,France,Female,35,10,0.0,2,1,1,25161.61,0,0,0.0490510240050108
506,Germany,Male,28,8,53053.76,1,0,1,24577.34,0,0,0.11124142238737593
546,France,Female,27,8,0.0,2,1,1,14858.1,0,0,0.12306672301139353
811,France,Male,42,10,0.0,2,1,1,3797.79,0,0,0.11642753552892221
518,Germany,Male,46,4,113625.93,1,0,0,92727.42,1,1,0.9068252818932256
687,France,Female,72,9,0.0,1,0,1,69829.4,0,0,0.3030482166190189
656,France,Male,37,7,112291.34,1,1,0,153157.97,0,0,0.22535914910189775
705,France,Female,50,4,77065.9,2,0,1,145159.26,0,0,0.3570520224504945
741,Germany,Male,36,8,116993.43,2,1,0,168816.22,0,0,0.26906080660907444
682,Spain,Male,46,7,128029.72,1,1,1,62615.35,0,0,0.29756194761425414
536,France,Male,32,7,178011.5,2,1,0,22375.14,0,0,0.14471134341178002
715,France,Male,41,4,94267.9,1,0,1,152821.12,1,0,0.20322178952932962
528,Germany,Male,39,0,127631.62,1,0,1,22197.8,1,0,0.45358457686636944
601,Germany,Female,47,1,142802.02,1,1,1,57553.02,0,1,0.6931924748576964
691,Spain,Male,21,3,103000.94,1,1,1,104648.58,0,0,0.12372720949172075
544,France,Female,32,9,110728.39,1,1,1,14559.62,0,0,0.1886131399752397
774,France,Male,36,7,103688.19,1,0,1,118971.74,0,0,0.06851955827343023
672,France,Female,45,9,0.0,1,1,1,92027.69,1,0,0.43953602652667606
525,Spain,Female,25,10,0.0,2,1,0,69361.95,0,0,0.08924114063364177
709,Germany,Male,45,4,122917.71,1,1,1,11.58,1,1,0.7097931910399343
593,Spain,Female,45,6,79259.75,1,1,0,55347.28,0,1,0.7249814739778729
701,Germany,Female,48,1,92072.68,1,1,1,133992.36,0,1,0.7039737269089182
531,Germany,Female,64,2,175754.87,2,1,1,60721.4,0,0,0.3973799393511869
490,Germany,Male,33,5,96341.0,2,0,0,108313.34,0,0,0.11437294231818491
656,Spain,Male,69,6,163975.09,1,1,1,36108.5,0,0,0.1614718132928327
817,France,Female,37,6,81070.34,2,1,0,80985.88,0,0,0.19653712804430945
604,France,Female,47,8,62094.71,3,0,0,9308.1,1,1,0.8755009226463715
813,Germany,Female,25,5,123616.43,1,0,1,132959.33,0,0,0.25832165362434845
675,Germany,Male,36,7,89409.95,1,1,1,149399.7,0,0,0.21347053580273848
515,France,Male,33,2,0.0,2,1,1,136028.97,0,0,0.04371505887447686
645,France,Female,48,7,90612.34,1,1,1,149139.13,0,1,0.5242334325011128
779,Germany,Male,37,7,120092.52,2,1,0,135925.72,0,0,0.29471205170313275
661,France,Female,27,3,0.0,2,1,1,76889.79,0,0,0.09817382777382248
580,France,Male,55,6,104305.74,1,0,1,175750.21,0,0,0.4896495181614434
587,Spain,Male,62,7,121286.27,1,0,1,6776.92,0,0,0.32577557499489684
546,Spain,Female,45,2,0.0,1,0,0,197789.83,1,1,0.7185460857947084
656,France,Male,35,6,0.0,2,1,0,1485.27,0,0,0.041279123601045534
670,Spain,Male,30,3,133446.34,1,0,0,3154.95,0,0,0.29511709014168563
483,France,Female,50,9,0.0,2,1,1,111020.24,0,0,0.3258274793552094
569,Spain,Male,43,8,161546.68,2,0,1,178187.28,0,0,0.16550506186035915
698,Spain,Female,47,6,0.0,1,1,0,50213.81,1,1,0.8458789164608249
767,France,Female,44,2,152509.25,1,1,1,136915.15,0,0,0.4646170983007598
534,France,Male,62,2,0.0,2,0,0,42763.12,1,1,0.5254512004733574
515,France,Female,28,9,0.0,2,0,0,94141.75,0,0,0.09085960307869857
669,Spain,Male,51,3,88827.53,1,0,0,85250.77,1,1,0.7253827568002077
648,Spain,Male,55,1,81370.07,1,0,1,181534.04,0,0,0.47290700412024494
671,Germany,Female,44,0,84745.03,2,0,1,34673.98,0,0,0.38875834547035465
625,France,Male,45,7,137555.44,1,0,0,124607.7,0,1,0.6943803277750894
850,France,Male,34,6,0.0,1,0,1,52796.31,0,0,0.19936514359147853
524,France,Male,40,2,180516.9,1,1,0,180002.42,0,0,0.4514021761453392
559,Spain,Female,31,1,139183.06,1,0,1,143360.56,0,0,0.26663019912013775
657,France,Female,37,6,95845.6,1,1,0,122218.23,0,0,0.4086643293451902
731,France,Female,30,5,0.0,2,1,0,189528.72,0,0,0.13966722709493065
631,Spain,Male,27,10,134169.62,1,1,1,176730.02,0,0,0.24280547758966264
592,France,Male,37,3,96651.03,1,1,1,3232.82,0,0,0.13807663515545865
564,France,Male,31,4,0.0,2,1,0,53520.03,0,0,0.05001776461016142
511,France,Male,27,8,0.0,2,1,1,49089.36,0,0,0.06957483184502714
671,France,Female,48,8,115713.84,2,0,0,83210.84,0,1,0.6956688741217362
616,Germany,Female,36,10,78249.53,1,1,0,136934.91,0,0,0.4034592218617506
498,France,Male,34,5,0.0,2,1,1,91711.66,0,0,0.05154423800153411
717,Germany,Female,35,5,103214.71,1,1,0,172172.7,0,1,0.6144994526986826
622,Germany,Female,52,9,111973.97,1,1,1,162756.29,1,1,0.7333827579811654
737,France,Male,43,0,80090.93,1,1,0,39920.0,1,0,0.4717531005722828
629,France,Female,40,6,0.0,2,1,1,139356.3,0,0,0.19531254039361762
797,France,Male,30,10,69413.44,1,1,1,74637.57,0,0,0.05614700889652294
814,France,Male,31,1,118870.92,1,1,0,101704.19,0,0,0.12004004226215667
734,France,Male,30,3,0.0,2,1,0,107640.25,0,0,0.03400750963119113
653,Spain,Female,38,9,149571.94,1,1,0,118383.18,0,0,0.35120196070715975
579,Germany,Female,50,5,117721.02,1,0,1,192146.63,1,1,0.5654269817647241
667,Spain,Male,38,1,87202.38,1,1,1,77866.91,0,0,0.11886441397155431
747,Spain,Female,41,5,94521.17,2,1,0,194926.86,0,0,0.31550189589179356
660,Germany,Male,31,9,125189.75,2,1,1,139874.43,0,0,0.18215112359096775
669,France,Male,37,4,0.0,1,1,0,132540.33,0,0,0.36699942271781866
834,Spain,Male,38,8,0.0,2,1,1,66485.26,0,0,0.04275543896224666
538,Spain,Female,31,0,0.0,2,0,0,179453.66,0,0,0.08190979716092191
549,France,Female,25,5,0.0,2,0,0,190857.79,0,0,0.16397132467220218
706,Germany,Male,38,5,163034.82,2,1,1,135662.17,0,0,0.09355226509002114
581,Spain,Female,46,1,0.0,2,1,0,104272.04,0,0,0.4239674154563977
664,France,Male,40,7,125608.72,1,1,0,122073.48,0,1,0.5259554495584627
753,France,Female,38,6,142263.45,1,0,1,33730.43,0,0,0.23749262746663471
812,Spain,Female,44,8,0.0,3,1,0,66926.83,1,1,0.6144109433371061
539,France,Male,30,0,0.0,2,1,0,160979.66,0,0,0.03241545194662095
738,Spain,Male,31,9,79019.8,1,1,1,18606.23,0,0,0.07397144332494124
547,Germany,Male,41,3,151191.31,1,1,0,175295.89,1,1,0.5806787890531351
744,Spain,Female,26,5,166297.89,1,1,1,181694.44,0,0,0.16261172232842896
772,Spain,Female,39,4,122486.11,2,1,1,140709.25,0,0,0.18910990218804127
670,Germany,Female,33,9,84521.48,2,0,1,198017.05,0,0,0.1330597356648907
789,Germany,Male,51,3,104677.09,1,1,0,74265.38,0,1,0.8554894874501858
802,Germany,Female,41,4,90757.64,2,0,1,169183.66,0,0,0.40766553008315787
685,Spain,Male,43,9,0.0,2,1,0,107811.28,0,0,0.2433560058190455
502,Germany,Female,32,1,173340.83,1,0,1,122763.95,0,0,0.20439061153822025
445,France,Male,31,7,145056.59,1,1,1,175893.53,0,0,0.16035431341032194
606,France,Male,61,5,108166.09,2,0,1,8643.21,0,0,0.21413140168191133
599,France,Male,44,10,118577.24,1,1,1,31448.52,0,0,0.22134795203910407
660,Spain,Female,33,1,0.0,2,0,0,117834.91,0,0,0.13576933743716146
757,Germany,Female,34,1,129398.01,2,0,0,44965.44,0,0,0.3693122493213097
775,France,Male,40,9,126212.64,1,1,0,70196.57,0,0,0.4656193366263349
521,France,Female,39,6,0.0,2,0,1,27375.15,0,0,0.0791531926800159
688,France,Female,32,6,123157.95,1,1,0,172531.23,0,0,0.289008748209839
684,Spain,Male,40,2,70291.02,1,1,1,115468.84,1,0,0.16674127878670786
692,France,Male,29,4,0.0,1,1,0,76755.99,1,0,0.2644480710741535
598,France,Female,43,5,0.0,3,1,1,100722.72,1,1,0.7562855559456634
655,Germany,Male,41,8,125561.97,1,0,0,164040.94,1,1,0.7183549984744937
841,France,Male,27,8,0.0,1,1,0,171922.72,0,0,0.3002656668099679
616,Spain,Male,71,4,0.0,2,1,1,173599.38,0,0,0.17157256761572312
709,Germany,Female,39,9,124723.92,1,1,0,73641.86,0,1,0.7475877062968405
850,Germany,Male,51,4,124425.99,1,0,0,118545.49,1,1,0.7181162999972848
473,Germany,Male,40,8,152576.25,2,1,0,73073.68,0,0,0.3390471199235229
570,Spain,Male,21,7,116099.82,1,1,1,148087.62,0,0,0.1887989611340492
635,Spain,Male,35,2,113635.16,1,1,0,90883.12,0,0,0.27745410820009375
730,France,Female,34,5,74197.38,2,1,0,96875.52,0,0,0.18820971333865788
627,France,Female,32,1,0.0,1,1,0,106851.7,0,0,0.3874259705039285
638,France,Female,48,10,138333.03,1,1,1,47679.14,0,1,0.543518018121719
646,France,Female,45,3,47134.75,1,1,1,57236.44,0,1,0.5454419278731492
605,France,Female,51,9,104760.82,1,1,1,165574.54,1,0,0.49686984966018855
542,France,Female,59,2,68892.77,2,1,0,7905.06,1,1,0.6487995085089568
850,Spain,Male,22,2,0.0,2,1,1,9684.52,0,0,0.053039516601686244
726,Spain,Female,26,1,80780.16,1,1,1,19225.85,0,0,0.15241763835199784
498,Germany,Male,25,8,121702.73,1,1,1,132210.49,0,0,0.22186433461213098
609,France,Female,39,8,141675.23,1,0,1,175664.25,0,0,0.33745224739085045
503,France,Female,28,5,0.0,2,1,0,125918.17,0,0,0.12509499507567656
618,Germany,Female,54,4,118449.21,1,1,1,133573.29,1,1,0.7617024766149525
595,France,Female,39,7,120962.13,1,0,0,23305.01,0,0,0.34826930086924973
545,Spain,Female,32,4,0.0,1,1,0,94739.2,0,1,0.5364583166435591
749,Spain,Female,43,1,124209.02,1,1,1,167179.48,0,0,0.4489628726849761
640,France,Female,33,6,84719.13,2,1,1,113048.79,0,0,0.09094999217683084
623,Germany,Male,33,8,96759.42,1,1,1,174777.98,0,0,0.15380318928177236
595,Spain,Female,30,5,100683.54,1,1,1,178361.04,0,0,0.36857192349442014
488,France,Female,22,6,0.0,2,1,1,66393.89,0,0,0.05365234012875547
775,Germany,Male,36,2,109949.05,2,0,1,71682.54,0,0,0.05787387102181511
683,France,Female,42,4,148283.94,1,1,1,44692.63,1,0,0.34615329302367503
624,Spain,Male,46,3,0.0,2,1,1,62825.03,0,0,0.13243129574059498
548,Germany,Male,49,9,108437.89,1,0,0,127022.87,1,1,0.8817434324642045
660,Germany,Male,28,2,170890.05,2,1,0,41758.9,0,0,0.11526671579182189
712,France,Male,33,3,153819.58,1,1,0,79176.09,1,0,0.20833211940653323
484,France,Female,29,4,130114.39,1,1,0,164017.89,0,0,0.3175349695222158
625,France,Male,39,2,0.0,2,1,0,100403.05,0,0,0.05494077588371686
657,Spain,Male,42,5,41473.33,1,1,0,112979.6,1,0,0.4280889358608744
643,France,Male,36,7,161064.64,2,0,1,84294.82,0,0,0.10625704064934713
706,France,Male,54,9,117444.51,1,1,1,186238.85,0,0,0.30519818976573243
735,France,Female,53,8,123845.36,2,0,1,170454.93,1,0,0.35202454216084933
605,France,Female,33,4,0.0,2,0,1,83700.66,0,0,0.06922622718272563
806,France,Male,48,4,164701.68,1,1,1,21439.49,0,0,0.3504466368199794
730,Spain,Male,42,4,0.0,2,0,1,85982.47,0,0,0.09092863749867343
560,France,Female,27,5,0.0,2,1,0,131919.48,0,0,0.1487991073434148
602,France,Female,42,10,0.0,2,0,0,169921.11,1,0,0.37871549894596734
616,Germany,Male,29,8,149318.55,1,1,0,140746.13,0,0,0.2773339526296991
510,Spain,Female,38,4,0.0,1,1,0,118913.53,1,1,0.6188212026475264
653,Germany,Male,31,9,143321.97,1,1,0,83679.46,0,1,0.5148459655895214
623,France,Male,23,1,106012.2,2,0,1,191415.94,0,0,0.03827706554819132
651,France,Female,34,9,0.0,2,1,0,138113.71,0,0,0.13494883285501372
848,Germany,Female,40,5,148495.64,1,0,0,158853.98,0,0,0.37475380642891815
622,France,Male,59,5,119380.37,1,1,1,60429.43,0,0,0.3458040772658943
834,Germany,Female,57,8,112281.6,3,1,0,140225.14,1,1,0.8675629167772457
541,France,Female,32,4,0.0,1,1,1,114951.42,0,0,0.2461550117241288
778,Germany,Female,45,1,162150.42,2,1,0,174531.27,0,1,0.5096705976678252
525,Germany,Male,33,4,131023.76,2,0,0,55072.93,0,0,0.1595253354850152
760,France,Male,43,8,121911.59,1,1,0,193312.33,0,1,0.5517817638738856
540,France,Male,48,2,109349.29,1,1,0,88703.04,1,1,0.6599158959359328
632,France,Female,27,3,107375.82,1,1,1,62703.38,0,0,0.19669522227913525
667,France,Male,42,7,0.0,1,0,1,108348.94,1,0,0.3587813827654191
664,France,Male,58,5,98668.18,1,1,1,60887.58,0,0,0.329733429938263
732,Spain,Male,54,0,134249.7,1,0,1,13404.4,0,0,0.4084323651752863
484,France,Female,32,3,0.0,2,1,1,139390.99,0,0,0.09494877699160773
717,Spain,Male,33,1,99106.73,1,0,0,194467.23,0,0,0.1936988318943776
506,Germany,Male,59,8,119152.1,2,1,1,170679.74,0,0,0.27199320693383283
667,Spain,Male,77,2,0.0,1,1,1,34702.92,0,0,0.2922919149556139
551,France,Female,38,10,0.0,2,1,1,216.27,0,0,0.20203324723397517
553,Spain,Female,39,1,142876.98,2,1,0,44363.42,0,0,0.35790559026472546
721,France,Female,49,1,120108.56,1,0,1,183421.76,0,1,0.5663988773026146
634,France,Female,45,2,0.0,1,1,1,143458.31,0,1,0.622124666762043
785,Germany,Female,32,3,124493.03,2,0,1,52583.79,1,0,0.16779151401349754
788,Spain,Male,37,8,141541.25,1,0,0,66013.27,0,0,0.20185832947266594
543,Spain,Male,37,3,0.0,2,1,1,78915.68,0,0,0.06318270057173098
756,Spain,Male,38,6,119208.85,1,1,0,169763.89,1,0,0.2490941173004586
608,Spain,Male,66,8,123935.35,1,1,1,65758.19,0,0,0.2130620852929685
823,Germany,Female,53,4,124954.94,1,0,1,131259.6,1,1,0.6902306797846771
671,Germany,Male,45,6,99564.22,1,1,1,108872.45,1,1,0.6615944651206004
642,France,Male,48,9,118317.27,4,0,0,78702.98,1,1,0.7276999954206705
565,France,Female,44,1,0.0,2,0,1,89602.81,0,0,0.2517659181404451
711,Spain,Male,37,2,0.0,2,1,0,83978.86,1,0,0.038407073789563866
386,Spain,Female,53,1,131955.07,1,1,1,62514.65,1,0,0.4625720790678979
582,France,Female,32,4,0.0,2,1,0,59668.81,0,0,0.12972430224567336
723,Germany,Female,28,5,91938.31,1,1,0,143481.85,0,1,0.5043797427738727
615,Spain,Male,19,5,0.0,2,1,0,159920.92,0,0,0.09652064842003409
702,Spain,Male,30,2,0.0,2,1,1,145537.32,0,0,0.04833183813379848
686,France,Female,47,5,113328.93,1,1,0,124170.9,0,1,0.8698250522414662
547,Spain,Female,44,5,0.0,3,0,0,5459.07,1,1,0.6691999960656299
659,Germany,Male,67,6,117411.6,1,1,1,45071.09,1,0,0.40263968624957047
549,Germany,Male,45,6,124240.93,1,1,1,146372.51,0,1,0.6562601202217277
792,Spain,Male,47,0,0.0,1,1,1,5557.88,1,0,0.41504244199891344
693,France,Female,30,6,127992.25,1,1,1,50457.2,0,0,0.21572043163110877
713,France,Female,42,3,0.0,2,0,0,82565.01,0,0,0.31487307461815517
794,France,Male,56,9,96951.21,1,1,1,71776.76,0,0,0.40188820422681365
507,France,Female,29,4,89349.47,2,0,0,180626.68,0,0,0.17736459800050708
597,France,Female,33,6,135703.59,2,0,0,74850.84,0,0,0.20957741604715643
648,Germany,Male,33,5,138664.24,1,1,0,29076.27,0,0,0.3931293539867927
720,Germany,Female,57,1,162082.31,4,0,0,27145.73,1,1,0.9083748404682969
717,France,Female,25,7,108664.85,2,1,0,190011.85,0,0,0.11528965283601594
735,France,Male,41,7,74135.85,1,1,1,11783.1,1,0,0.17193122632279118
622,Spain,Male,39,9,0.0,2,0,1,100862.36,0,0,0.05020991082540358
651,Germany,Female,25,2,109175.14,2,1,0,114566.47,0,0,0.3093339144642113
709,France,Female,43,8,0.0,2,0,0,168035.62,1,0,0.3072843854451738
558,Germany,Female,36,0,126606.63,2,1,1,172363.52,0,0,0.3350440827438518
769,France,Female,26,7,0.0,2,1,0,176843.53,0,0,0.1216177668713049
635,Germany,Female,37,9,146748.07,1,0,1,11407.58,0,0,0.40604744483772587
593,Spain,Male,44,5,0.0,1,1,0,128046.98,0,1,0.5197692817859728
700,France,Female,32,3,0.0,1,0,0,95740.37,0,0,0.38104266942545445
611,France,Female,43,8,64897.75,1,1,0,114996.33,0,1,0.6466448226615885
637,Spain,Male,43,3,172196.23,1,1,1,104769.96,0,0,0.30273475342726697
521,France,Male,30,2,107316.09,1,1,0,64299.82,0,0,0.143541651964012
734,France,Male,51,1,118537.47,1,1,1,116912.45,0,0,0.4245056916724622
531,Germany,Female,32,0,109570.21,2,1,1,172049.84,0,0,0.22270421934711518
803,Spain,Female,45,7,0.0,2,1,1,128378.04,0,0,0.19632207502012677
759,France,Male,42,4,105420.18,1,0,1,121409.06,0,0,0.2085940451889837
723,Spain,Male,38,6,0.0,2,1,1,94415.6,0,0,0.07108667723055605
506,France,Female,34,4,90307.62,1,1,1,159235.29,0,0,0.2601076970705479
602,Germany,Female,43,2,113641.49,4,1,0,115116.35,1,1,0.8753476514967715
595,Spain,Male,36,6,85768.42,1,1,1,24802.77,0,0,0.16793054537740112
776,France,Female,38,2,169824.46,1,1,0,169291.7,0,0,0.40534644478296317
566,Germany,Male,22,7,144954.75,2,1,0,102246.0,0,0,0.20625365140847624
521,France,Male,38,5,110641.18,1,0,1,136507.69,1,0,0.08631734554056024
615,Spain,Female,41,9,109013.23,1,1,0,196499.96,0,1,0.5294748029368668
635,France,Female,48,8,130796.33,2,1,1,43250.3,0,0,0.4687899988805572
665,Germany,Female,27,2,147435.96,1,0,0,187508.06,0,0,0.4250586932248533
850,Germany,Female,47,10,134381.52,1,0,0,26812.89,1,1,0.5287984504735385
804,France,Male,24,3,0.0,2,1,0,173195.33,0,0,0.03136952758067638
814,Germany,Male,29,8,97086.4,2,1,1,197276.13,0,0,0.10922781550259575
787,France,Female,85,10,0.0,2,1,1,116537.96,0,0,0.14682779587268796
718,France,Male,35,8,0.0,2,1,0,94820.85,0,0,0.040305585385051135
662,Spain,Female,72,7,140301.72,1,0,1,179258.67,0,0,0.34853249734200853
594,Germany,Male,41,2,122545.65,2,1,1,42050.24,0,0,0.16583133829584967
756,Germany,Male,44,10,137452.09,1,1,0,189543.9,0,1,0.670620069979891
579,France,Male,36,9,129829.59,1,1,1,60906.12,0,0,0.13157196838651572
679,Germany,Female,32,0,88335.05,1,0,0,159584.81,0,0,0.4243409234747779
807,Spain,Female,43,0,0.0,2,0,1,85523.24,0,0,0.22520517811749355
704,France,Female,45,6,0.0,1,1,1,137739.45,0,0,0.44837336891652974
420,Germany,Female,31,1,108377.75,2,1,1,9904.63,0,0,0.257103543960825
621,France,Male,26,2,75237.54,1,0,1,44220.4,0,0,0.04949831525497408
498,France,Female,29,9,0.0,1,1,0,190035.83,0,0,0.320114963761663
804,France,Female,50,4,0.0,1,1,1,8546.87,1,1,0.6511800966481947
600,France,Female,38,9,0.0,2,1,1,58855.85,0,0,0.09894704068780992
590,France,Female,32,0,127763.24,1,1,0,100717.54,0,0,0.2948685350191353
695,Germany,Male,40,7,139022.24,1,0,1,193383.13,0,0,0.4116403446990369
735,France,Male,44,9,120681.63,1,1,0,74836.34,0,1,0.5163087959682775
730,Germany,Male,38,0,38848.19,2,0,0,94003.11,0,0,0.15029283259347426
667,France,Male,23,1,0.0,2,1,0,91573.19,0,0,0.04856543376620334
634,Spain,Male,25,9,0.0,2,1,1,8227.91,0,0,0.06989602104416055
718,France,Female,37,7,0.0,2,1,1,55100.09,0,0,0.10803660319151646
715,France,Male,34,4,124314.45,1,0,0,97782.92,0,0,0.14173438832207677
794,Spain,Male,31,0,144880.34,2,0,1,175643.44,0,0,0.028044680337920867
621,Germany,Female,30,2,101014.08,2,1,1,165257.31,0,0,0.12739792717924525
673,Germany,Female,25,3,108244.82,2,1,1,103573.96,0,0,0.15923073843185018
850,Germany,Male,30,5,123210.56,2,1,1,102180.27,0,0,0.12636275294217408
584,Spain,Female,29,4,0.0,2,1,0,88866.92,0,0,0.1128295526128476
651,Spain,Female,45,10,135923.16,1,1,0,18732.84,0,0,0.4842106724461116
591,Spain,Male,36,7,135216.8,1,1,1,122022.89,0,0,0.16264505270673893
602,Germany,Female,42,6,158414.85,1,1,1,131886.46,0,0,0.3939914608552806
749,France,Male,42,1,129776.72,2,0,1,143538.51,0,0,0.11687764903084506
628,France,Male,39,6,0.0,2,0,0,134441.6,0,0,0.08320192650357132
806,Spain,Male,18,3,0.0,2,1,1,86994.54,0,0,0.08127050048570174
745,Germany,Male,51,3,99183.9,1,1,1,28922.25,0,1,0.7638595460796783
351,Germany,Female,57,4,163146.46,1,1,0,169621.69,1,1,0.8015639325459126
841,France,Female,52,5,0.0,1,0,0,183239.71,1,1,0.8694127296871721
653,Spain,Male,30,4,0.0,2,1,0,120736.04,0,0,0.038161296565900164
817,Germany,Male,45,9,101207.75,1,0,0,88211.12,1,1,0.7214812407210769
749,Spain,Female,46,9,66582.81,1,1,0,78753.12,1,1,0.7893731666818019
751,Spain,Male,52,8,0.0,2,0,1,179291.85,0,0,0.1640148711877451
766,Germany,Female,62,7,142724.48,1,0,1,5893.23,1,1,0.639951116000847
779,Spain,Female,38,7,0.0,2,1,1,138542.87,0,0,0.10770521880526973
635,Spain,Female,37,3,0.0,2,1,0,91086.73,0,0,0.1567432612520677
696,Spain,Male,41,9,127523.75,1,0,1,191417.42,0,0,0.18259001528301888
581,Spain,Male,46,2,79385.21,2,0,0,188492.82,0,0,0.25329248708760693
674,France,Male,45,7,144889.18,1,1,1,102591.9,1,0,0.35777727526783865
808,Germany,Female,37,2,100431.84,1,1,0,35140.49,1,0,0.4271890547780084
621,Germany,Male,47,7,107363.29,1,1,1,66799.28,0,1,0.7381305600829396
634,Germany,Male,38,2,148430.55,1,1,1,56055.72,0,0,0.28817027944126683
566,Germany,Female,40,2,97001.36,2,1,0,154486.01,0,0,0.441181453023403
589,France,Female,46,10,107238.85,2,1,0,37024.28,0,1,0.599138805071054
736,Germany,Male,57,9,95295.39,1,1,0,28434.44,1,1,0.7739705663222671
627,France,Female,21,7,98993.02,1,1,1,169156.64,0,0,0.2706336186093525
711,France,Female,32,1,0.0,2,1,0,126188.42,0,0,0.1618029066898151
791,France,Male,36,6,111168.97,1,1,1,189969.91,0,0,0.14084738723785492
619,Germany,Female,41,5,92467.58,1,1,0,38270.47,0,1,0.6597550194492691
593,Spain,Female,46,2,76597.79,1,1,1,54453.72,0,1,0.5022706921013793
812,France,Male,34,5,103818.43,1,1,1,166038.27,0,0,0.06606626672861818
470,Germany,Male,39,5,117469.91,2,0,0,63705.9,0,0,0.379449946377326
565,Germany,Female,40,1,89994.71,2,0,1,121084.27,0,0,0.33132711807695814
636,Germany,Female,28,2,115265.14,1,0,0,191627.85,0,0,0.464623910614262
697,France,Female,33,1,87347.7,1,1,0,172524.51,0,0,0.22452837413585175
612,France,Female,42,10,75497.51,1,0,0,149682.78,0,1,0.6465181514040733
496,France,Female,41,1,176024.05,2,1,0,182337.98,0,0,0.4138063885673866
850,Germany,Male,41,8,60880.68,1,1,0,31825.84,0,0,0.3680472595847118
669,France,Female,35,7,0.0,1,1,1,49108.23,1,0,0.2413657890382182
534,France,Male,24,1,0.0,1,1,1,169653.32,0,0,0.10700884421718944
602,France,Male,38,7,111835.94,2,1,0,124389.61,0,0,0.13958875614328017
786,France,Female,29,4,0.0,2,1,0,103372.79,0,0,0.1121235138365469
689,France,Male,47,1,93871.95,3,1,0,156878.42,1,1,0.8633269747060152
621,France,Male,47,0,0.0,1,1,1,133831.37,1,0,0.4279425795760735
850,Spain,Male,37,4,137204.77,1,1,1,28865.59,0,0,0.10710521190737961
803,Spain,Male,43,3,0.0,1,1,0,72051.44,0,1,0.6053528727310833
689,Spain,Male,38,5,75075.14,1,1,1,8651.92,1,0,0.11733149803191223
536,France,Female,35,8,0.0,1,1,0,171840.24,1,0,0.4119987101059674
697,Germany,Male,31,3,108805.42,2,0,1,123825.83,0,0,0.07748674859635908
726,France,Female,34,0,185734.75,1,1,1,102036.82,0,0,0.32592988604061207
764,France,Female,24,0,0.0,2,1,0,88724.49,0,0,0.3095938770348657
754,France,Male,28,8,0.0,2,1,1,52615.62,0,0,0.08145344742006355
665,France,Female,23,9,143672.9,1,1,1,115147.33,0,0,0.22076141344802397
670,France,Female,31,2,57530.06,1,1,1,181893.31,1,0,0.2811242673789338
602,Spain,Male,29,5,103907.28,1,1,0,161229.84,0,0,0.24418185133696899
656,France,Male,50,7,0.0,2,0,1,72143.44,0,0,0.15802024136463252
482,Germany,Female,48,2,69329.47,1,0,0,102640.52,1,1,0.6575960720078947
701,France,Male,29,2,0.0,2,1,0,176943.59,0,0,0.0649318096615004
740,Germany,Female,36,4,109044.6,1,0,0,94554.74,1,1,0.6517163265563086
676,France,Female,49,1,0.0,1,1,0,79342.31,1,1,0.9216714674659527
513,Spain,Female,31,5,174853.46,1,1,0,84238.63,0,0,0.406566915560621
592,France,Female,37,7,0.0,2,1,1,126726.33,0,0,0.11373027964165353
588,France,Female,64,3,0.0,1,1,1,189703.65,0,1,0.5849262928473061
485,Spain,Female,30,7,0.0,1,1,0,107067.37,0,1,0.5134472661497281
743,France,Male,37,8,69143.91,2,0,1,105780.18,0,0,0.06598137668113024
492,Germany,Female,52,8,125396.24,1,1,0,10014.72,1,1,0.8967046790367896
697,France,Male,27,8,141223.68,2,1,0,90591.15,0,0,0.11131376791093617
756,France,Female,26,5,101641.14,2,0,1,154460.68,0,0,0.06629258279141893
573,France,Male,26,8,86270.93,2,1,1,90177.3,0,0,0.06238338032595721
526,Spain,Male,35,5,0.0,2,1,1,105618.14,0,0,0.047112051280170444
538,Germany,Male,25,5,62482.95,1,1,1,102758.43,0,0,0.134876091441306
597,France,Female,24,1,103219.47,1,1,0,60420.07,0,0,0.22088248906383193
727,Spain,Male,38,2,62276.99,1,1,1,59280.79,0,0,0.1301481282224983
726,France,Female,42,2,109471.79,1,0,1,175161.05,0,0,0.3911937130042965
664,Spain,Male,35,1,115024.5,1,0,1,169665.79,0,0,0.1056367857778536
513,France,Female,37,6,0.0,2,1,0,110142.34,0,0,0.16187902158902637
538,Spain,Female,49,9,141434.04,1,0,0,173779.25,1,1,0.7336452129562083
764,Germany,Male,28,10,124023.18,1,1,0,166188.28,0,0,0.38020561492863364
739,Germany,Male,54,8,126418.14,1,1,0,134420.75,1,1,0.821713204553155
553,Germany,Male,53,5,127997.83,1,1,0,165378.66,1,1,0.9111674028748504
709,France,Female,32,7,0.0,2,1,1,199418.02,0,0,0.07919895034551079
637,France,Female,63,5,0.0,1,1,0,28092.77,1,1,0.9303041501604216
597,Germany,Female,40,9,106756.01,2,1,0,151167.94,0,0,0.4469368148321447
626,France,Female,29,4,105767.28,2,0,0,41104.82,0,0,0.14948674831182884
745,France,Female,28,6,0.0,2,1,0,154389.18,0,0,0.151103223736482
578,Spain,Male,23,8,0.0,2,1,0,112124.98,0,0,0.08372128400075214
765,France,Male,41,4,124182.21,1,0,0,100153.43,0,0,0.39857719623586674
694,Germany,Female,37,8,98218.04,2,1,0,182354.46,1,0,0.3629620003083797
642,France,Female,55,7,0.0,2,1,1,101515.76,0,0,0.2825691966735657
465,France,Male,33,5,0.0,2,0,1,78698.09,0,0,0.05494137910807534
507,Germany,Male,31,2,134237.07,1,1,1,166423.66,1,0,0.24476167699602494
778,Spain,Female,47,6,127299.34,2,1,0,124694.99,0,1,0.6159853781848414
691,France,Male,52,3,0.0,1,1,0,175843.68,1,1,0.8184471468971894
633,France,Female,33,3,0.0,2,1,0,191111.02,0,0,0.15978072571882498
593,Spain,Female,38,4,88736.44,2,1,0,67020.03,0,0,0.2567621015555822
655,Germany,Female,40,0,81954.6,1,1,1,198798.44,1,0,0.1760004632328015
717,France,Male,38,7,97459.06,1,0,0,189175.71,0,0,0.34045566715616515
623,France,Female,28,4,0.0,2,1,0,41227.67,0,0,0.10268262823614277
622,Germany,Female,28,1,143124.63,2,1,0,81723.8,0,0,0.20525190540554647
731,Germany,Male,35,2,127862.93,2,1,0,139083.7,0,0,0.19408688176261124
545,Spain,Male,36,8,73211.12,2,1,0,89587.34,1,0,0.16034034032438996
635,France,Male,29,1,0.0,1,0,1,24865.54,0,0,0.06000279720372736
619,Germany,Female,33,3,100488.92,2,0,1,36446.74,0,0,0.11526281113792627
613,France,Male,41,7,0.0,2,1,0,60297.72,0,0,0.10701883240504248
683,Spain,Male,38,3,126152.84,1,0,0,15378.75,0,0,0.2671213983977327
661,France,Female,37,5,136425.18,1,1,0,81102.81,0,0,0.4027544115913996
829,Germany,Female,27,9,112045.67,1,1,1,119708.21,1,0,0.2320831700808041
598,Spain,Male,27,8,90721.52,2,1,0,109296.18,0,0,0.12114948870275338
827,France,Female,60,2,0.0,2,0,1,60615.83,0,0,0.2703138214536984
850,Germany,Male,49,8,98649.55,1,1,0,119174.88,1,1,0.5851680494813466
676,France,Male,29,4,140720.93,1,1,0,36221.18,0,0,0.277130247829001
457,Germany,Male,42,4,126772.57,1,0,1,126106.4,0,0,0.44603239554765495
648,Spain,Female,49,10,0.0,2,1,1,159835.78,1,0,0.23480041475267804
530,Spain,Female,41,4,0.0,2,0,1,147606.71,0,0,0.1394963730277453
470,Spain,Female,31,2,101675.22,2,1,0,45033.75,0,0,0.24560988444227572
728,France,Male,37,3,122689.51,2,0,0,106977.53,1,0,0.08438487867119873
616,Spain,Female,43,3,120867.18,1,1,0,18761.92,1,1,0.5445306712806736
543,France,Female,31,2,147674.26,1,1,1,16658.76,0,0,0.24876534930303829
463,France,Male,35,2,101257.16,1,1,1,118113.64,0,0,0.10808208213874618
657,Germany,Male,57,8,107174.58,1,1,1,126369.55,1,1,0.647479931218339
554,Spain,Male,26,8,149134.46,1,1,1,177966.24,0,0,0.27203702193915924
524,France,Male,22,9,0.0,2,1,0,74405.34,0,0,0.05109778466136238
710,France,Male,38,2,0.0,2,1,0,96.27,0,0,0.15201910834848598
599,Germany,Male,39,2,188976.89,2,0,1,176142.09,0,0,0.09759540358879239
471,Germany,Male,23,6,104592.55,2,1,0,131736.23,0,0,0.1974990539938245
724,France,Male,40,6,0.0,2,0,0,106149.48,0,0,0.10592234495671278
631,Germany,Female,29,2,96863.52,2,1,1,31613.35,0,0,0.10755869765809979
595,France,Male,29,6,150685.79,1,1,0,87771.06,0,0,0.24835457288987328
635,Spain,Male,24,4,140197.18,1,1,1,142935.83,0,0,0.14566471104775228
700,France,Male,37,3,77608.46,2,1,1,175373.46,0,0,0.07079869343622651
506,France,Female,57,6,0.0,2,0,1,194421.12,1,0,0.27117795367224745
684,Germany,Male,42,1,117691.0,1,1,1,23135.65,1,0,0.4591890861022697
614,France,Male,38,2,116248.88,1,1,0,105140.92,0,0,0.18579165500897546
545,France,Female,55,5,0.0,1,0,0,10034.77,1,1,0.8470758955423325
680,France,Female,30,8,141441.75,1,1,1,16278.97,0,0,0.18681147658438968
738,Spain,Male,44,2,0.0,2,1,0,43018.82,1,0,0.14434209382079558
701,France,Male,23,3,0.0,2,1,0,38960.59,0,0,0.03852176109620503
499,Germany,Female,55,4,126817.65,2,1,0,123269.71,0,1,0.8116137667573851
796,France,Female,50,1,94164.0,1,1,1,189414.74,0,0,0.4955037463984617
682,France,Female,58,1,0.0,1,1,1,706.5,0,1,0.6613831184837234
589,France,Male,46,9,0.0,2,1,0,170676.67,0,0,0.21835516648798514
613,Spain,Male,19,5,0.0,1,1,1,176903.35,0,0,0.27561656272569246
769,France,Male,51,9,156773.78,2,1,0,40257.79,0,0,0.39660543865050424
741,Spain,Male,40,4,104784.23,1,1,0,135163.76,1,0,0.42234470206265934
575,Spain,Male,43,3,0.0,1,1,0,83594.51,0,1,0.5177519949346956
594,France,Female,49,4,0.0,2,1,1,23631.55,0,0,0.2979657373026918
690,France,Male,35,6,112689.95,1,1,0,176962.31,0,0,0.296296732872171
652,Spain,Male,71,4,0.0,1,1,1,120107.1,0,0,0.41228843999828124
780,Germany,Female,37,10,95196.26,1,1,0,126310.39,1,0,0.48925714422277994
761,Spain,Male,37,7,132730.17,1,1,0,199293.01,0,0,0.2381222801656183
762,France,Male,32,10,191775.65,1,1,0,179657.83,0,0,0.3459636452417162
750,Germany,Female,52,6,107467.56,1,1,0,126233.18,1,1,0.9320534732166741
535,Spain,Male,35,8,118989.92,1,1,1,135536.72,0,0,0.14126924114798992
682,France,Female,48,7,0.0,2,1,0,65069.03,0,0,0.43624439887644095
660,Germany,Female,52,4,86891.84,1,1,0,90877.76,0,1,0.8474012225233575
702,France,Female,29,10,88378.6,1,1,0,88550.28,0,0,0.2756342033858487
540,France,Male,25,5,116160.23,1,1,0,13411.67,0,0,0.21933128439211796
687,Spain,Female,50,5,0.0,2,1,0,110230.4,0,0,0.47811064219845056
620,France,Female,29,3,0.0,2,0,1,153392.28,0,0,0.09174551453967907
640,France,Female,29,4,0.0,2,1,0,44904.26,0,0,0.09435337540936686
565,Germany,Male,33,8,130368.31,2,1,0,105642.43,0,0,0.2280443315391027
597,France,Female,36,9,0.0,2,1,1,7156.09,0,0,0.22723065285493743
733,Spain,Male,44,3,106070.89,1,0,1,101617.43,0,0,0.3757831732831112
728,Germany,Male,45,3,108924.33,2,1,0,84300.4,1,1,0.5676288646956353
706,France,Male,32,6,94486.47,1,1,1,146949.74,0,0,0.07014679960864352
645,France,Male,40,6,131411.24,1,1,1,194656.11,0,0,0.21084400772480807
703,France,Male,37,1,149762.08,1,1,0,20629.4,1,0,0.26789889483641427
798,Spain,Female,58,9,0.0,2,0,0,119071.56,1,1,0.5149312712043992
607,France,Female,32,6,0.0,2,0,0,196062.01,0,0,0.08905867796110974
850,Germany,Male,61,3,141784.02,1,1,1,92053.75,0,1,0.6378774049991242
670,Germany,Male,40,2,164948.98,3,0,0,177028.0,1,1,0.7947692837593459
711,France,Male,38,10,0.0,2,0,0,53311.78,0,0,0.034825804892386326
674,France,Male,46,2,174701.05,1,1,0,90189.72,1,1,0.7435690740103175
663,Germany,Male,44,2,117028.6,2,0,1,144680.18,0,0,0.3255575900378975
727,Germany,Male,40,1,93051.64,2,1,0,71865.31,1,0,0.25265830639856757
591,France,Female,56,9,128882.49,1,1,1,196241.94,1,0,0.4347332318171768
566,France,Male,36,1,142120.91,1,1,0,79616.37,0,0,0.2583508393576785
505,Germany,Female,37,10,122453.97,2,1,1,52693.99,0,0,0.2406938348481065
730,France,Male,34,1,0.0,2,1,1,126592.01,0,0,0.05562601452420823
850,Germany,Male,36,5,119984.07,1,1,0,191535.11,1,0,0.3935567007263247
706,Spain,Male,42,9,0.0,2,1,1,28714.34,0,0,0.06278584783825737
755,France,Male,36,8,0.0,2,1,0,176809.87,0,0,0.05830497131327372
538,France,Male,33,6,93791.38,1,1,1,199249.29,0,0,0.21036682859914058
497,France,Male,32,8,0.0,2,1,0,67364.42,0,0,0.04235853910256122
743,France,Male,32,9,0.0,2,1,0,175252.78,0,0,0.05924201275573978
515,France,Female,25,7,79543.59,1,0,1,38772.82,0,0,0.08360026367481894
634,Spain,Male,36,2,85996.19,1,1,0,15887.68,0,0,0.285905989361965
608,France,Male,50,6,0.0,1,1,0,93568.77,1,1,0.7950046454085508
615,France,Female,61,1,104267.7,1,1,0,62845.64,1,1,0.9023384190344086
721,Spain,Female,36,2,0.0,2,1,1,106977.8,0,0,0.0805888525472887
750,France,Male,43,6,113882.31,1,1,1,74564.41,0,0,0.3357419317409382
835,France,Male,35,6,127120.07,1,1,0,28707.69,0,0,0.24571638295555318
640,Germany,Male,39,9,131607.28,4,0,1,6981.43,1,1,0.6373150518236755
604,France,Male,31,6,134837.58,1,1,0,192029.19,0,0,0.275944354380376
585,France,Male,36,7,0.0,2,1,0,94283.09,0,0,0.059085259231963796
456,France,Female,63,1,165350.61,2,0,0,140758.07,1,1,0.7480854677976196
637,France,Male,32,5,0.0,1,0,0,148769.08,0,0,0.3041057372600313
661,France,Female,41,1,0.0,2,0,1,131300.68,0,0,0.14871764851183994
593,France,Male,41,6,0.0,2,1,1,99136.49,0,0,0.10895386098590326
605,France,Female,51,3,136188.78,1,1,1,67110.59,1,1,0.5930222056447362
554,France,Male,40,4,0.0,1,0,1,168780.04,0,0,0.3641833349425505
850,France,Female,32,7,0.0,2,0,0,155227.0,0,0,0.11381585938814229
559,France,Female,42,7,0.0,2,1,1,190040.29,0,0,0.1419496027576906
634,France,Male,45,9,0.0,2,0,0,17622.82,0,0,0.14347577081703966
769,Germany,Male,43,4,110182.54,2,1,1,87537.32,0,0,0.327895248627864
736,France,Male,43,4,176134.54,1,1,1,52856.88,0,0,0.38100943731459
762,Spain,Male,29,10,115545.33,2,1,0,148256.43,0,0,0.11575911718033012
684,France,Female,34,6,0.0,2,1,1,130928.22,0,0,0.0947903268482696
778,France,Male,37,3,141803.77,1,0,1,179421.84,0,0,0.17402225281078906
791,France,Male,28,4,0.0,1,1,0,174435.48,0,0,0.2722279548568805
535,France,Female,38,8,0.0,2,1,0,136620.64,0,0,0.2057275246903584
614,Germany,Male,43,8,140733.74,1,1,1,166588.76,0,0,0.48852226658751763
786,Germany,Male,24,2,120135.55,2,1,1,125449.47,0,0,0.06084550981369417
682,France,Female,42,0,0.0,1,0,1,91981.85,1,0,0.4627230104805472
607,Germany,Male,36,10,106702.94,2,0,0,198313.69,0,0,0.26590894237074336
741,France,Female,21,9,0.0,2,0,1,139259.54,0,0,0.05702856628413357
763,Spain,Female,32,10,95153.77,1,0,1,81310.1,0,0,0.1456874534131523
555,Germany,Male,41,10,113270.2,2,1,1,185387.14,0,0,0.1601090831863509
591,France,Female,31,7,0.0,2,0,1,48778.46,0,0,0.04952431989569866
611,France,Male,58,8,0.0,2,0,1,107665.68,1,0,0.21267443947961417
669,France,Female,44,8,96418.09,1,0,0,131609.48,1,1,0.6596533803171684
649,Spain,Male,32,1,0.0,1,0,1,91167.19,1,0,0.11879838799336667
702,Spain,Male,32,8,71667.74,1,1,1,126082.18,0,0,0.09748974148475732
638,Spain,Male,48,2,0.0,2,1,1,7919.08,0,0,0.12986801597969336
835,Spain,Male,38,7,86824.09,1,0,0,175905.97,0,0,0.15580372814408192
686,France,Female,34,3,123971.51,2,1,0,147794.63,0,0,0.2184639841856877
707,France,Male,47,3,0.0,2,1,0,174303.29,0,0,0.19623275893844336
763,Spain,Male,67,9,148564.66,1,0,1,87236.4,0,0,0.22865757971227627
643,France,Male,30,5,94443.77,1,1,1,165614.4,0,0,0.08744689944511136
554,France,Female,26,7,92606.86,2,1,0,192709.69,0,0,0.14668198694980356
736,France,Male,27,5,51522.75,1,0,1,192131.77,0,0,0.21650188778946058
526,Spain,Male,30,8,0.0,1,1,0,36251.0,0,0,0.351909851971755
828,Spain,Male,47,1,109876.82,2,1,0,83611.45,1,0,0.37975265270708985
792,France,Male,34,1,0.0,1,0,1,86330.32,0,0,0.08256286218949756
850,France,Male,66,4,0.0,2,0,1,64350.8,0,0,0.2148310687747404
539,France,Female,22,0,100885.93,2,1,1,38772.65,0,0,0.07601114323345837
683,France,Male,39,4,0.0,2,1,0,171716.81,0,0,0.05772228080032627
646,Germany,Female,52,6,111739.4,2,0,1,68367.18,0,1,0.6358910812515112
650,Spain,Male,55,9,119618.42,1,1,1,29861.13,0,0,0.31334439469759073
698,Germany,Female,64,1,169362.43,1,1,0,84760.32,1,1,0.7964548372353665
565,France,Male,34,6,0.0,1,1,1,63173.64,0,0,0.2916898644535578
716,France,Female,29,10,87946.39,1,1,1,182531.74,0,0,0.19381468163635948
673,France,Female,38,2,170061.92,2,0,0,134901.34,1,0,0.3816901586949262
633,France,Male,29,10,130206.28,1,1,0,184654.87,0,0,0.3032767150448526
501,France,Female,34,3,107747.57,1,1,0,9249.36,0,0,0.23085414068721444
682,France,Female,43,5,125851.93,1,1,1,193318.33,0,0,0.4184432606525782
680,Germany,Male,44,0,129974.79,2,1,1,33391.38,0,0,0.3481718508172571
481,France,Male,44,9,175303.06,1,1,0,65500.53,1,1,0.6133544448027254
697,Spain,Male,56,5,110802.03,1,1,1,50230.31,1,0,0.35000123982064735
633,Spain,Male,33,4,137847.41,2,1,0,98349.13,0,0,0.09617838238349867
590,France,Male,32,9,0.0,2,1,0,138889.15,0,0,0.04532933538729797
471,France,Male,42,3,164951.56,1,1,0,190531.77,0,1,0.5244630420692651
638,France,Female,34,7,0.0,2,1,1,198969.78,0,0,0.10664911801295844
363,Spain,Female,28,6,146098.43,3,1,0,100615.14,1,1,0.6959541991284417
721,Spain,Male,33,5,0.0,2,0,1,117626.9,0,0,0.051669202544119164
733,Spain,Female,31,9,102289.85,1,1,1,115441.66,0,0,0.18702976659765994
749,Germany,Male,54,3,144768.94,1,1,0,93336.3,1,1,0.8886635793496922
850,Germany,Female,45,5,127258.79,1,1,1,192744.23,1,0,0.39230806758631265
684,Germany,Female,40,6,137326.65,1,1,0,186976.6,0,1,0.7209676932030569
712,Spain,Female,44,2,0.0,2,0,0,45738.94,0,0,0.24744565708135977
595,Germany,Female,45,9,106000.12,1,0,0,191448.96,1,1,0.782372857732843
523,France,Female,40,2,102967.41,1,1,0,128702.1,1,1,0.5233525414081757
699,Germany,Male,34,4,185173.81,2,1,0,120834.48,0,0,0.1381443386587448
826,Spain,Female,56,8,174506.1,2,0,1,161802.82,1,0,0.3329936740480713
637,France,Male,33,2,145731.83,1,0,1,109219.43,0,0,0.08892729865642514
737,France,Male,54,9,0.0,1,1,0,83470.4,1,1,0.8016884272590745
727,Spain,Female,57,1,109679.72,1,0,1,753.37,0,0,0.40392485803869127
652,Spain,Female,42,4,0.0,2,1,1,38152.01,0,0,0.12881365724288585
701,France,Male,43,2,0.0,2,1,1,165303.79,0,0,0.17063456789542628
624,France,Female,62,7,125163.62,2,1,1,151411.5,0,0,0.4390903445289529
659,France,Female,32,2,155584.21,1,0,1,153662.88,0,0,0.2486680638773836
594,France,Male,61,3,62391.22,1,1,1,192434.11,0,0,0.4136228552088562
415,France,Male,46,9,134950.19,3,0,0,178587.36,1,1,0.7403574428284978
655,France,Female,26,7,106198.5,1,0,1,32020.42,0,0,0.12346894228307673
649,Germany,Male,70,9,116854.71,2,0,1,107125.79,0,0,0.16761239880380469
603,France,Male,35,6,128993.76,2,1,0,130483.56,0,0,0.08267565696298483
677,Spain,Male,56,5,123959.97,1,1,1,60590.72,1,0,0.3700639088481942
655,Germany,Male,32,9,113447.01,1,1,0,82084.3,0,1,0.5200551386836211
733,France,Male,33,3,0.0,1,1,1,7666.73,0,0,0.1677515370818476
802,Spain,Male,40,5,0.0,2,1,1,175043.69,0,0,0.055574476562914726
632,Spain,Male,47,3,0.0,2,1,0,178822.32,0,0,0.2555293826066985
782,Spain,Female,27,3,0.0,2,1,0,143614.01,0,0,0.10064146484918489
584,Germany,Female,54,1,77354.37,1,0,0,138192.98,1,1,0.7669740246383838
687,France,Female,31,2,0.0,2,0,1,145411.39,0,0,0.08289473989281322
445,Germany,Female,38,6,119413.62,2,1,0,175756.36,0,1,0.5388569164013579
520,France,Male,34,4,134007.9,1,1,1,193209.11,0,0,0.12947280760324825
493,Spain,Female,48,7,0.0,2,1,0,48545.1,0,0,0.37032814277815485
619,Germany,Male,40,9,103604.31,2,0,0,140947.05,0,0,0.43173856572289454
632,France,Male,27,4,193125.85,1,1,1,152665.85,0,0,0.09233114581222222
678,Germany,Male,36,3,145747.67,2,0,1,89566.74,0,0,0.09863894620913273
850,France,Female,38,0,106831.69,1,0,1,148977.72,0,0,0.12148472705937545
596,France,Female,39,10,86546.29,1,0,1,131768.98,0,0,0.30732304807571426
634,Germany,Male,37,3,111432.77,2,1,1,167032.49,0,0,0.12424999540225165
411,France,Female,36,10,0.0,1,0,0,120694.35,0,0,0.4262977724662602
670,France,Male,33,2,141204.65,2,1,0,76257.46,0,0,0.0810849392855948
583,France,Male,39,1,129299.28,2,1,0,73107.6,0,0,0.07313944066459033
676,France,Female,40,2,147803.48,1,1,0,95181.06,1,1,0.5424603267193204
538,Germany,Female,42,1,98548.62,2,0,1,94047.75,0,0,0.361443973700632
463,Germany,Female,41,8,123151.51,2,1,0,70127.93,0,0,0.47875829653228713
687,France,Male,48,4,0.0,2,1,1,170893.85,0,0,0.1927207157392073
628,France,Male,31,0,88421.81,1,0,0,72350.47,0,0,0.08556776976750086
475,France,Female,32,8,119023.28,1,1,0,100816.29,0,0,0.31768906935421587
641,France,Male,37,7,0.0,2,1,0,75248.3,0,0,0.04869307869827499
695,Spain,Male,44,8,0.0,2,1,1,70974.13,0,0,0.08790874828594926
585,Spain,Male,36,10,0.0,2,1,1,180318.6,0,0,0.11648592616395134
850,France,Female,32,5,106290.64,1,1,0,121982.73,0,0,0.22843092784798966
573,Spain,Male,56,3,154669.77,1,0,1,115462.27,1,0,0.44416174200735936
583,France,Female,27,4,0.0,3,1,0,163113.41,0,1,0.7381485315229621
636,Spain,Female,32,8,0.0,2,1,0,138555.46,0,0,0.09396078210435138
660,Germany,Male,35,8,58641.43,1,0,1,198674.08,0,0,0.2594016281398062
582,France,Female,32,1,116409.55,1,0,1,152790.92,0,0,0.20127470194893882
620,Germany,Male,40,5,108197.11,2,1,0,49722.34,0,0,0.3887064016792186
577,Spain,Male,43,6,0.0,2,1,1,149457.81,0,0,0.16226184240160785
649,France,Female,52,8,49113.75,1,1,0,41858.43,0,1,0.9118630546654835
533,Germany,Female,49,1,102286.6,3,1,0,69409.37,1,1,0.9286279966936252
769,France,Male,29,2,123757.52,2,1,0,84872.66,0,0,0.048521038953207335
680,France,Female,47,5,0.0,2,1,1,179843.33,0,0,0.21747478743970677
626,France,Male,44,10,0.0,2,0,0,164287.86,0,0,0.2268375272898463
646,Germany,Male,32,8,105397.8,1,1,0,78111.84,1,0,0.33167332120861387
625,France,Female,39,3,130786.92,1,0,1,121316.07,0,0,0.3328941460795991
535,France,Female,29,2,112367.34,1,1,0,185630.76,0,0,0.2999759702529134
667,Germany,Female,37,5,92171.35,3,1,0,178106.34,1,1,0.6910473503394878
763,Germany,Male,42,6,100160.75,1,1,0,33462.94,1,1,0.6459852957320322
496,Germany,Female,59,7,91680.1,2,1,0,163141.18,1,1,0.7356508064936398
581,Spain,Female,50,4,0.0,2,1,1,80701.72,0,0,0.30545945288720405
633,France,Male,59,2,103996.74,1,1,1,103159.11,0,0,0.4142009018147745
620,France,Female,29,1,138740.24,2,0,0,154700.61,0,0,0.17081220220005786
573,France,Female,30,6,0.0,2,1,0,66190.21,0,0,0.11630557416477187
680,Germany,Male,32,7,175454.0,1,0,1,77349.92,0,0,0.14515056946956562
706,Germany,Male,31,1,117020.08,2,1,0,54439.53,0,0,0.21485789225499002
603,Spain,Female,42,6,0.0,1,1,1,90437.87,0,0,0.2673389741668009
745,Germany,Female,44,0,119638.21,1,1,1,34265.08,1,1,0.6928051476772852
754,Spain,Female,19,9,0.0,1,1,0,189641.11,0,0,0.38509149108549035
555,Spain,Female,35,1,0.0,2,1,0,101667.0,0,0,0.15269743486979098
724,Spain,Male,45,5,83888.54,1,0,1,34121.81,0,0,0.3720170160577698
721,France,Male,40,3,0.0,1,1,1,144874.67,0,0,0.35721715698920375
788,France,Female,43,10,0.0,2,1,1,116111.51,0,0,0.16177663622757874
599,Germany,Male,46,9,123444.72,1,1,1,31368.08,1,1,0.5714911500170554
668,Spain,Male,34,0,0.0,1,0,0,99984.86,0,0,0.2720828459574767
803,France,Male,42,5,0.0,1,1,0,196466.83,1,0,0.4958701208153869
628,France,Female,31,6,175443.75,1,1,0,113167.17,1,0,0.44706339740057727
683,France,Male,36,5,115350.63,1,1,1,122305.91,0,0,0.07940307511054542
619,Spain,Female,44,6,52831.13,1,1,1,112649.22,1,0,0.37436437927587135
708,France,Female,47,0,126589.12,2,0,1,132730.07,1,0,0.3183845998903127
572,Germany,Female,35,1,139979.07,1,1,0,185662.84,0,1,0.5631660678575952
814,France,Female,31,4,0.0,2,1,1,142029.17,0,0,0.07756278817684391
619,France,Male,58,5,152199.33,1,1,1,86022.09,0,0,0.3156334575531737
710,Spain,Female,31,5,0.0,2,1,0,9561.73,0,0,0.1477118392733558
714,France,Female,40,0,0.0,2,1,0,62762.12,0,0,0.26620937007518364
824,France,Male,45,3,129209.48,1,0,0,60151.77,0,1,0.536233415508939
658,Germany,Male,37,3,168735.74,2,0,0,70370.24,0,0,0.2208399008449896
667,Spain,Female,23,6,136100.69,2,0,0,169669.33,1,0,0.22421298925009236
704,Spain,Male,36,8,127397.34,1,1,0,151335.24,0,0,0.2111358741332754
850,Germany,Female,27,8,111837.78,2,1,1,110805.79,0,0,0.09659151631207002
710,Germany,Male,34,9,134260.36,2,1,0,147074.67,0,0,0.23601140964148054
850,Germany,Male,40,6,94607.08,1,1,0,36690.49,0,1,0.544770034887849
683,France,Female,30,2,0.0,2,0,1,100496.84,1,0,0.07680640413478156
758,Spain,Female,35,5,0.0,2,0,0,100365.51,0,0,0.15126886490408792
553,France,Male,37,2,0.0,2,1,0,33877.29,0,0,0.06223767335271102
539,Germany,Female,38,8,105435.74,1,0,0,80575.44,1,1,0.616591744921574
602,France,Female,63,7,0.0,2,1,1,56323.21,0,0,0.2568425400425365
446,France,Male,32,8,0.0,2,0,0,133292.94,0,0,0.07098934951783463
498,France,Female,30,1,0.0,2,0,0,135795.53,0,0,0.10624507275635056
716,Spain,Male,42,8,0.0,2,1,0,180800.42,0,0,0.18266512691440745
649,France,Male,45,7,0.0,2,0,1,75204.21,0,0,0.14097793792272167
653,France,Male,41,8,102768.42,1,1,0,55663.85,0,0,0.39302691820485974
698,Germany,Female,36,7,121263.62,1,1,1,13387.88,0,1,0.5536341323018715
614,France,Female,37,8,75150.34,4,0,1,131766.67,1,1,0.600684750783715
733,France,Female,44,6,168165.84,1,0,1,197193.49,0,0,0.3505415047979639
459,Germany,Male,48,4,133994.52,1,1,1,19287.06,1,1,0.6804255333421811
831,France,Male,30,2,0.0,2,0,1,3430.38,0,0,0.04400749408872632
622,France,Female,32,6,169089.38,2,1,0,101057.95,0,0,0.2477513411062633
748,Spain,Female,40,4,0.0,2,1,0,132368.47,0,0,0.18108440759500755
850,France,Female,35,1,211774.31,1,1,0,188574.12,1,0,0.29310493371329627
693,France,Male,38,7,198338.77,2,1,1,14278.18,0,0,0.21354626455017559
673,France,Male,59,0,178058.06,2,0,1,21063.71,1,0,0.20304476758904297
719,Spain,Male,38,0,0.0,1,1,0,126876.47,0,0,0.40040465275322323
761,France,Female,33,6,138053.79,2,1,0,148779.41,0,0,0.15566278116847732
666,Germany,Male,38,6,99812.88,2,1,1,158357.97,0,0,0.08261288613509574
608,Spain,Female,56,5,0.0,2,0,1,153810.41,0,0,0.37728875856612065
754,France,Female,47,1,185513.67,1,1,0,27438.83,0,1,0.7870916655712824
520,France,Male,30,3,143396.54,2,1,1,898.51,0,0,0.07953357393236257
741,Spain,Female,42,9,121056.63,2,1,0,39122.58,0,0,0.2879589669851405
566,France,Male,42,3,108010.78,1,1,1,157486.1,0,0,0.1958409838217595
565,Germany,Female,32,9,68067.24,1,1,0,143287.58,0,0,0.36600216032637684
696,Germany,Male,43,4,114091.38,1,0,1,159888.1,0,1,0.5971979985451408
754,France,Male,37,6,0.0,1,1,1,116141.72,0,0,0.24098871054746115
631,France,Female,22,3,0.0,2,0,0,30781.77,0,0,0.103216304634197
626,Spain,Male,62,3,0.0,1,1,1,65010.74,0,0,0.479162554472909
701,Spain,Male,28,1,103421.32,1,0,1,76304.73,0,0,0.06408877360683289
660,Spain,Female,61,5,155931.11,1,1,1,158338.39,0,1,0.58826420385386
684,France,Male,45,6,148071.39,1,1,0,183575.01,0,1,0.663041317417812
718,France,Male,27,2,0.0,2,0,0,26229.24,0,0,0.028811150481894345
669,France,Male,45,7,149364.58,1,0,1,173454.07,0,0,0.3916323002619858
516,France,Female,46,1,104947.72,1,1,0,115789.25,1,1,0.859704974337137
637,Germany,Female,27,7,135842.89,1,1,1,101418.05,0,0,0.36590646268580374
839,Spain,Female,33,10,75592.43,1,1,0,62674.42,0,0,0.26109421479454986
730,France,Female,41,4,167545.32,1,1,0,128246.81,0,0,0.4482826807713508
688,Germany,Female,46,0,74458.25,1,0,1,6866.31,0,0,0.463931131911964
757,France,Male,32,9,0.0,2,1,0,115950.96,0,0,0.04213408208895411
554,France,Female,30,9,0.0,2,1,1,40320.3,0,0,0.05456559522165233
718,France,Male,37,8,0.0,2,1,1,142.81,0,0,0.1028042459652143
696,Germany,Female,31,8,122021.92,2,1,0,33828.64,0,0,0.3408757972207057
706,Spain,Male,29,2,0.0,2,1,1,18255.51,0,0,0.04153437319237613
481,France,Female,57,9,0.0,3,1,1,169719.35,1,1,0.8532226818699826
537,France,Male,28,3,157842.07,1,1,0,86911.49,0,0,0.18185402145452403
643,Germany,Female,34,7,160426.07,1,0,1,188533.11,0,0,0.2891117013353735
555,Germany,Female,62,10,114822.64,1,0,1,8444.5,0,1,0.687007440152279
501,France,Male,44,4,142051.07,2,0,1,74940.5,0,0,0.23617719318006422
684,Spain,Female,38,3,0.0,2,1,0,44255.65,0,0,0.22997357127808266
671,Spain,Female,34,5,130929.02,4,1,1,28238.25,1,1,0.7008243012259864
604,France,Female,34,7,0.0,2,1,0,193021.49,0,0,0.11982772837875473
805,Spain,Male,26,2,0.0,2,1,1,25042.1,0,0,0.02497787093457358
545,Germany,Male,45,6,93796.42,2,1,1,162321.26,0,0,0.2989339949844382
628,Germany,Female,45,6,53667.44,1,1,0,115022.94,0,1,0.6510632821475244
778,France,Female,33,9,151772.63,2,0,0,180249.94,1,0,0.16218038833368864
589,Germany,Male,55,7,119961.48,1,1,0,65156.83,1,1,0.9134339276661663
754,Germany,Female,55,3,161608.81,1,1,0,8080.85,1,1,0.8040324630457809
709,France,Male,26,6,156551.63,1,0,1,4410.77,0,0,0.07380369366238887
722,France,Male,30,5,0.0,2,1,0,166376.54,0,0,0.05193875038205777
624,Germany,Female,48,3,122388.38,2,0,0,30020.09,0,1,0.801322065475769
567,Spain,Male,40,4,118628.8,1,0,0,91973.63,0,0,0.41512797201997187
545,France,Female,26,1,0.0,2,1,1,199638.56,0,0,0.08216693293659906
755,France,Male,31,5,0.0,2,0,1,194660.78,0,0,0.0648740057997973
581,France,Male,30,1,0.0,2,1,0,199464.08,0,0,0.07162794412068467
589,France,Female,39,7,0.0,2,0,0,95985.64,0,0,0.20911318008458643
591,France,Male,24,6,147360.0,1,1,1,25310.82,0,0,0.12109872790187648
681,France,Male,34,7,0.0,2,0,0,130686.59,0,0,0.042869441770846874
742,France,Female,60,4,0.0,1,1,1,13161.66,1,1,0.6430584364703508
633,France,Female,42,1,0.0,2,1,0,56865.62,0,0,0.24604047063176956
505,France,Male,49,7,80001.23,1,0,0,135180.11,0,1,0.6207075140527372
669,France,Male,37,1,125529.55,1,1,1,162260.93,0,0,0.05712056109808902
520,Spain,Male,45,7,107023.03,1,1,0,32903.93,0,1,0.5094954322189684
564,Germany,Female,62,5,114931.35,3,0,1,18260.98,1,1,0.853563450857901
696,France,Male,28,4,172646.82,1,1,1,116471.43,0,0,0.0679689980009414
528,France,Male,37,6,103772.45,1,1,0,197111.99,0,0,0.2680825524645436
585,France,Male,40,7,0.0,2,0,0,146156.98,0,0,0.1281874040635925
516,Germany,Male,32,3,145166.09,2,0,0,111421.45,0,0,0.11124138679636662
850,Spain,Female,29,1,0.0,2,1,1,197996.65,0,0,0.04048925725019231
758,Spain,Female,40,5,93499.82,2,0,0,123218.81,0,0,0.2717160731409831
605,Germany,Female,31,1,117992.59,1,1,1,183598.77,0,0,0.3545097004364701
489,France,Female,51,3,0.0,2,0,1,174098.28,1,0,0.3433160390485916
655,Spain,Female,78,2,0.0,2,0,1,188435.38,0,0,0.118084685602546
698,France,Male,57,6,136325.48,2,1,1,72549.27,1,0,0.2577427898386737
662,France,Male,74,6,0.0,2,1,0,123583.85,0,0,0.4509680463149368
809,Spain,Male,33,9,0.0,1,1,1,124045.65,0,0,0.15689629105023944
625,France,Female,38,7,0.0,1,1,0,164804.02,0,0,0.4415255298733564
443,France,Female,54,3,138547.97,1,1,1,70196.23,1,0,0.46250164856043624
742,Germany,Female,21,1,114292.48,1,1,0,31520.4,0,1,0.6791979223424992
646,France,Male,26,4,139848.17,1,1,0,164696.27,0,0,0.22660396924999715
604,Germany,Female,42,10,166031.45,1,1,0,98293.14,0,1,0.5326306709408032
548,France,Male,29,5,83442.98,1,0,1,177017.39,0,0,0.10995002334494361
632,Spain,Male,31,3,136556.44,1,1,0,82152.83,1,0,0.24023717731068028
594,France,Male,57,6,0.0,1,1,0,19376.56,1,1,0.8532484024558749
471,Spain,Male,26,8,0.0,2,1,1,179655.87,0,0,0.09831738401556941
531,Spain,Male,27,8,132576.25,1,0,0,7222.92,0,0,0.3304017279950559
611,Spain,Male,34,4,0.0,2,1,0,170950.58,0,0,0.08746185673375358
497,Germany,Male,35,7,110053.62,2,1,1,92887.06,0,0,0.13443578593630545
850,France,Male,31,3,0.0,2,1,0,121866.87,0,0,0.07387341541854905
486,Spain,Male,27,7,0.0,2,1,0,28823.04,0,0,0.07135372508040426
813,France,Male,29,6,0.0,1,1,0,33953.87,0,0,0.33842868382605057
567,Spain,Male,29,8,0.0,2,1,0,156125.72,0,0,0.09127174336235808
641,France,Male,41,6,0.0,2,1,0,65396.79,0,0,0.10001516910576116
717,France,Female,36,2,99472.76,2,1,0,94274.72,1,0,0.20791973008286713
671,Spain,Male,38,0,92674.94,2,1,0,3647.57,0,0,0.1735613311438865
571,France,Female,38,6,107193.82,2,0,0,38962.94,0,0,0.3372070008070031
690,France,Male,38,1,94456.0,2,0,1,55034.02,0,0,0.03822480417635215
581,France,Male,31,3,0.0,2,0,0,89040.61,0,0,0.0257451743709479
564,France,Female,28,1,0.0,1,1,1,162428.05,0,0,0.2640407739788085
763,Germany,Male,32,9,160680.41,1,1,0,30886.35,0,0,0.3245598301677989
618,France,Female,35,10,0.0,2,1,0,180439.75,0,0,0.18153116017923662
586,France,Female,38,2,0.0,2,1,0,87168.46,0,0,0.18930981784628553
594,France,Male,38,4,0.0,2,0,0,186884.04,0,0,0.0689734686716686
633,Germany,Male,50,7,88302.65,1,1,1,195937.16,0,0,0.4558504108670022
503,Spain,Male,37,6,0.0,2,0,0,136506.86,0,0,0.095607805583295
599,France,Male,58,4,0.0,1,0,0,176407.15,1,1,0.7659818099436011
550,Germany,Male,52,5,121016.23,1,1,1,41730.37,1,1,0.7350065125242538
571,Spain,Female,22,3,108117.1,1,0,1,53328.7,0,0,0.17413442818819086
532,France,Female,40,5,0.0,2,0,1,177099.71,0,0,0.1600735557290866
766,France,Female,26,3,104258.8,1,1,1,428.23,0,0,0.24109135624817482
763,France,Female,35,7,115651.6,2,1,1,104706.29,0,0,0.10139922099853864
732,Spain,Male,33,8,0.0,1,1,0,119882.7,0,0,0.31218196371846274
633,France,Female,30,6,0.0,2,0,0,41642.29,0,0,0.08635097265984394
809,Germany,Male,33,8,148055.74,1,0,0,199203.21,0,0,0.4366437677283471
793,Spain,Male,52,2,0.0,1,1,0,159123.82,1,1,0.8014013654525038
731,Germany,Female,43,9,79120.27,1,0,0,548.52,1,0,0.46474392169022694
737,Spain,Female,45,2,0.0,2,0,1,177695.67,0,0,0.30316583179006074
603,Germany,Male,44,6,108122.39,2,1,0,108488.33,1,1,0.5347646412669209
647,Germany,Female,41,1,85906.65,3,1,0,189159.97,0,1,0.6939453871587822
615,Germany,Female,44,9,126104.98,2,0,1,110718.02,0,0,0.47234221375757246
673,Spain,Female,37,8,0.0,2,1,1,183318.79,0,0,0.09641425652573579
726,Germany,Male,50,9,94504.35,1,0,1,5078.9,0,1,0.6047929817218965
819,France,Female,39,9,133102.92,1,1,0,27046.46,1,0,0.32198667792728264
638,France,Male,34,6,114543.27,1,1,1,97755.29,0,0,0.09542735846194236
656,France,Male,40,2,0.0,2,1,1,180553.48,0,0,0.08175041003073838
543,Germany,Male,30,6,73481.05,1,1,1,176692.65,0,0,0.1211256655818097
633,France,Male,43,5,0.0,2,1,1,48249.88,0,0,0.11793484849522733
691,France,Male,38,7,0.0,2,0,0,81617.4,0,0,0.05784268954026664
589,France,Male,28,7,0.0,2,1,0,151645.96,0,0,0.04680466045699994
554,Germany,Male,26,4,121365.39,1,1,1,8742.36,0,0,0.17700911769582356
850,France,Male,28,4,0.0,2,1,1,12409.01,0,0,0.06465995535170563
732,Germany,Male,42,9,108748.08,2,1,1,65323.11,0,0,0.22747775818426977
525,France,Female,23,5,0.0,2,1,0,160249.1,0,0,0.16169718929546537
573,Spain,Male,50,0,159304.07,1,0,1,155915.24,1,0,0.3347788268520883
612,France,Female,31,8,117989.76,1,1,1,54129.86,0,0,0.20187941828236325
845,France,Male,33,8,164385.53,1,1,0,150664.97,0,0,0.23744365791332647
682,France,Male,38,4,107192.38,1,1,1,15669.17,0,0,0.10155181595548514
612,Spain,Female,62,0,167026.61,2,1,1,192892.05,0,0,0.4755628636930823
655,Spain,Female,29,9,0.0,2,0,1,85736.26,0,0,0.05479238747839963
659,Germany,Male,36,2,76190.48,2,1,1,149066.14,0,0,0.03441700056574524
730,France,Female,39,1,99010.67,1,1,0,194945.8,0,0,0.3750195287702383
791,Spain,Male,25,7,0.0,1,1,0,89666.28,0,0,0.21986820340748076
735,Germany,Female,43,9,98807.45,1,0,0,184570.04,1,1,0.7992626156582965
652,France,Male,27,10,107303.72,2,0,0,44435.76,0,0,0.06013250341513983
850,Germany,Male,32,2,128647.98,2,0,0,54416.18,0,0,0.23963301476072907
662,France,Female,36,4,166909.2,2,1,0,138871.12,1,0,0.23427436569694796
670,France,Female,33,7,0.0,2,1,1,88187.81,0,0,0.0758035361306693
620,Germany,Male,39,9,159492.79,1,1,0,80582.34,1,0,0.4507475439883594
850,Spain,Male,44,7,89118.26,1,1,0,104240.77,1,0,0.49794982862998766
656,France,Male,43,7,134919.85,1,1,0,194691.95,0,1,0.640348135350236
760,France,Female,32,7,0.0,2,1,1,105969.05,0,0,0.06859563580933915
576,France,Male,32,7,0.0,2,1,0,4660.91,0,0,0.05179963207623051
708,France,Male,32,10,86614.06,2,1,1,172129.26,0,0,0.061422913141694
620,Spain,Male,29,9,0.0,2,1,0,13133.88,0,0,0.05195784058678982
544,France,Female,45,6,0.0,2,0,1,151401.33,0,0,0.22862754331765145
850,Spain,Male,62,5,0.0,2,1,1,180243.56,0,0,0.21934396220649435
836,Spain,Female,41,7,150302.84,1,1,1,156036.19,0,0,0.1321991844095419
694,France,Female,31,10,0.0,2,1,0,160990.27,0,0,0.15777190215399572
587,Germany,Female,45,8,134980.74,1,1,1,123309.57,1,1,0.6508789577542895
712,France,Female,37,1,106881.5,2,0,0,169386.81,0,0,0.22593815119243602
665,Germany,Male,32,1,132178.67,1,0,0,11865.76,0,0,0.35936967755727744
559,France,Male,34,4,0.0,2,1,1,66721.98,0,0,0.04532814404403366
675,France,Male,35,8,0.0,2,1,1,56642.97,0,0,0.0683891994814166
615,France,Female,30,9,0.0,1,1,0,87347.82,0,0,0.3725776472112019
499,France,Male,35,10,0.0,2,1,0,10722.54,0,0,0.054043053176139784
688,France,Male,26,1,0.0,2,1,1,104435.94,0,0,0.05698162424761119
815,France,Male,24,7,171922.72,1,0,1,178028.96,0,0,0.16170108345673287
640,Spain,Male,62,3,0.0,1,1,1,101663.47,0,1,0.5084132246935539
597,France,Female,60,0,131778.08,1,0,0,10703.53,1,1,0.771583727735427
596,France,Male,39,9,0.0,1,1,0,48963.59,0,0,0.3662962975243134
650,Spain,Male,20,8,0.0,2,1,1,113469.65,0,0,0.048565162733847866
679,France,Male,45,3,146758.24,1,1,0,48466.89,0,1,0.6682544927697811
500,France,Male,56,1,100374.58,1,1,0,118490.8,1,1,0.7357757065879883
615,France,Male,35,7,0.0,2,1,0,150784.29,0,0,0.05973893793348796
615,France,Male,66,7,0.0,2,1,1,74580.8,0,0,0.09705134599514376
750,France,Male,33,2,152302.72,1,1,0,71333.44,0,0,0.20787524069650462
666,France,Female,34,9,115897.12,1,1,1,25095.03,0,0,0.21806337901186276
655,France,Male,44,8,87471.63,1,0,1,188593.98,0,0,0.4965898786334683
752,France,Female,53,8,114233.18,1,1,1,51587.04,0,1,0.5870827435446355
743,Germany,Female,32,6,140348.56,2,1,1,163254.39,0,0,0.21486179045207315
623,France,Male,40,5,118788.57,1,1,0,192867.4,0,1,0.515445015631658
629,Germany,Male,35,7,156847.29,2,1,0,31824.29,0,0,0.14805737893312412
438,Germany,Male,31,8,78398.69,1,1,0,44937.01,0,0,0.2848348278401805
651,France,Male,44,2,0.0,3,1,0,102530.35,1,1,0.6802983431931492
627,Germany,Male,29,5,139541.58,2,1,0,80607.33,0,0,0.15151994910853486
632,Spain,Female,40,3,109740.62,1,1,0,141896.74,0,1,0.5418419229537261
672,France,Male,52,8,170008.84,1,0,0,56407.42,1,1,0.7986156083757348
705,France,Male,30,1,0.0,1,1,1,181300.32,0,0,0.1514442178335028
674,France,Male,45,7,142072.02,1,1,0,37013.29,0,1,0.6663443729313482
416,France,Male,32,0,0.0,2,0,1,878.87,0,0,0.05963110115401284
476,Spain,Female,69,1,105303.73,1,0,1,134260.34,0,0,0.44740361647372745
616,Germany,Female,45,4,122793.96,1,1,1,62002.04,0,1,0.7940882364411411
660,France,Male,35,7,0.0,2,1,0,13218.6,0,0,0.03792094913416161
728,France,Male,37,0,0.0,2,1,1,72203.8,0,0,0.04652732292199271
766,Germany,Male,30,4,127786.28,2,1,1,28879.3,0,0,0.1105978211284095
680,France,Male,36,3,116275.12,1,1,1,63795.8,0,0,0.0895531856791188
515,Germany,Male,60,9,113715.36,1,1,0,18424.24,1,1,0.9137324740972359
733,Germany,Male,38,9,111347.37,2,0,1,194872.97,0,0,0.1831798355641546
773,Spain,Female,23,8,0.0,2,1,0,56759.79,0,0,0.08812010792894981
569,Germany,Male,35,2,109196.66,3,1,0,109393.19,1,1,0.7395434658667795
562,Germany,Male,31,2,112708.2,1,0,1,186370.3,0,0,0.24463400706406804
684,Germany,Female,48,10,126384.42,1,1,1,198129.36,0,0,0.37778444627671837
624,France,Male,71,7,0.0,2,1,1,108841.83,0,0,0.14622826716893841
719,Germany,Female,42,5,137227.04,3,1,0,149097.38,1,1,0.8937613979164551
709,France,Male,32,4,147307.91,1,0,1,40861.55,0,0,0.06007806463377067
727,Germany,Male,58,5,106913.43,1,1,0,25881.0,1,1,0.8929900020631645
684,France,Male,27,2,134603.88,1,1,1,71725.73,0,0,0.07162811754067333
630,Spain,Female,49,1,0.0,2,0,1,162858.29,0,0,0.29022688179471495
690,France,Male,36,7,101583.11,2,1,0,123775.15,0,0,0.09213230342134776
586,France,Female,43,8,132558.26,1,1,0,67046.83,1,1,0.6124481187030545
678,Germany,Male,49,2,116933.11,1,1,0,195053.58,1,1,0.6875220325994588
613,France,Male,20,3,0.0,2,1,1,149613.77,0,0,0.05333857016287466
676,Germany,Male,48,3,80697.44,1,0,0,101397.86,0,1,0.7402897542649443
759,France,Female,22,5,0.0,1,1,0,22303.17,0,0,0.3145936874951518
704,France,Male,39,2,111525.02,1,1,0,199484.96,0,0,0.24207683536408872
576,Spain,Male,19,6,0.0,2,0,0,72306.07,0,0,0.09003416407584347
595,France,Female,53,7,0.0,2,1,0,41371.68,1,1,0.5020925287823822
721,Spain,Male,38,7,0.0,1,0,1,53534.8,0,0,0.16632154635857932
581,France,Male,37,7,0.0,2,1,1,74320.75,0,0,0.07024449381461907
588,France,Male,32,1,0.0,2,1,1,8763.87,0,0,0.034892388642611696
648,Germany,Male,44,9,111369.79,2,1,1,91947.74,0,0,0.351517677186879
674,France,Female,31,1,0.0,1,1,0,128954.05,0,0,0.40215536132478286
807,Germany,Female,31,1,141069.18,3,1,1,194257.11,0,0,0.49325622350380904
535,France,Male,38,8,85982.07,1,1,0,9238.35,0,0,0.224243763438222
649,Spain,Male,51,4,0.0,1,1,1,150390.57,0,1,0.5473453579380307
692,France,Male,66,4,159732.02,1,1,1,118188.15,0,0,0.21784849972100845
452,Spain,Male,44,3,88915.85,1,1,0,69697.74,0,0,0.4599654155524599
580,France,Female,35,8,0.0,2,0,1,10357.03,0,0,0.1738546813504001
523,Germany,Male,63,6,116227.27,1,1,1,119404.63,0,1,0.5604151507669481
724,Germany,Male,34,6,118235.7,2,0,0,157137.23,0,0,0.24072403904325718
548,France,Female,28,8,116755.5,2,1,1,158585.17,1,0,0.11446379787373757
712,France,Female,42,1,87842.98,1,0,0,92223.59,0,1,0.5887330474647585
680,France,Male,34,3,143292.95,1,1,0,66526.01,0,0,0.244693892038503
584,Spain,Male,32,5,0.0,2,1,0,10956.82,0,0,0.057260011562409466
494,Germany,Male,37,5,107106.33,2,1,0,172063.09,0,0,0.23315079937051528
643,France,Female,45,4,45144.43,1,1,0,60917.24,1,1,0.8655904854826224
666,France,Male,39,10,0.0,2,1,0,102999.33,0,0,0.04244856898052549
569,France,Male,36,1,67087.69,1,1,0,154775.7,0,0,0.16731070919492116
652,France,Male,51,7,0.0,2,0,1,43496.36,0,0,0.14528553983418435
755,Germany,Female,33,6,90560.3,2,1,1,42607.69,0,0,0.15214226998768263
640,Spain,Female,34,3,77826.8,1,1,1,168544.85,0,0,0.29843409754778394
600,Germany,Male,28,2,116623.31,1,0,1,59905.29,0,0,0.1295188918052642
577,France,Male,60,10,125389.7,2,1,1,178616.73,0,0,0.21263708974263407
775,Germany,Male,32,8,121669.23,1,0,1,125898.39,0,0,0.21209639262997598
529,France,Male,28,9,0.0,2,1,1,52545.24,0,0,0.0768501218760339
739,Germany,Male,45,7,102703.62,1,0,1,147802.94,1,1,0.7089539522632381
634,Germany,Male,43,3,212696.32,1,1,0,115268.86,0,1,0.6055438153968814
462,Germany,Female,24,9,69881.09,2,0,1,64421.02,0,0,0.08886970244950369
591,Spain,Male,29,1,97541.24,1,1,1,196356.17,0,0,0.22848207513016344
706,France,Male,18,2,176139.5,2,1,0,129654.22,0,0,0.0643593584593032
582,Spain,Female,46,8,67563.31,1,1,0,44506.09,1,1,0.715261546667439
703,Germany,Female,26,1,97331.19,1,1,0,63717.49,0,1,0.549503042456211
618,Germany,Male,41,8,37702.79,1,1,1,195775.48,0,0,0.18719882787544062
699,France,Male,53,4,0.0,2,0,1,111307.98,0,0,0.24796805026686486
564,Germany,Male,41,9,103522.75,2,1,1,34338.21,0,0,0.21079375806183273
658,France,Female,43,7,140260.36,2,1,0,2748.72,0,0,0.34299979493515775
608,France,Male,59,1,0.0,1,1,0,70649.64,1,1,0.8456503014494123
489,France,Female,38,5,117289.92,1,0,0,85231.88,0,0,0.41260810212664195
583,Spain,Female,40,3,54428.37,1,1,0,109638.78,1,1,0.6339615101085456
583,France,Male,59,7,127450.14,1,0,1,67552.71,0,0,0.4020776970478751
530,France,Female,55,4,120905.03,1,0,1,123475.88,1,1,0.6015559155440287
552,France,Male,49,4,0.0,1,1,1,190296.76,1,0,0.47470096729992617
713,Germany,Male,47,1,95994.98,1,1,0,197529.23,0,1,0.5648182555837203
664,France,Female,44,8,142989.69,1,1,1,115452.51,1,0,0.4239771071423848
657,France,Male,37,4,82500.28,1,1,1,115260.72,0,0,0.0796916599947653
651,Germany,Male,31,7,138008.06,2,1,0,129912.74,0,0,0.16604560589546524
630,France,Male,33,9,0.0,2,1,0,64804.59,0,0,0.04853202771832495
775,Spain,Male,30,4,0.0,2,0,1,57461.13,0,0,0.026250826245108137
593,Germany,Female,38,4,129499.42,1,1,1,154071.27,0,1,0.5601392801653979
554,Germany,Female,36,3,157780.93,2,1,0,6089.13,0,0,0.2399053060028519
707,France,Female,31,2,82787.93,2,0,0,91423.69,0,0,0.15342049980610514
662,Spain,Male,37,5,94901.09,1,1,1,48233.75,0,0,0.1002446462360525
767,Germany,Male,23,2,139542.82,1,0,1,28038.28,0,0,0.14846847069891878
734,Spain,Male,39,6,0.0,1,1,1,95135.27,0,0,0.21843853476704023
580,Germany,Male,35,10,136281.41,2,1,1,24799.47,0,0,0.11778357705362368
610,Germany,Male,57,6,106938.11,2,0,1,186612.47,0,0,0.2932722983601904
626,France,Male,33,8,0.0,2,1,0,138504.28,0,0,0.05202242028317931
674,France,Male,26,6,166257.96,1,1,1,149369.41,0,0,0.09251999106711256
629,Germany,Male,40,2,121647.54,2,1,1,64849.74,1,0,0.15488876451480507
665,France,Female,34,1,96645.54,2,0,0,171413.66,0,0,0.16266963871518317
601,France,Male,41,1,123971.16,1,0,1,172814.99,0,0,0.16413831699500378
679,France,Male,60,8,0.0,2,1,1,51380.9,0,0,0.11471848276131012
772,Germany,Male,26,7,152400.51,2,1,0,79414.0,0,0,0.15839880459263833
648,France,Male,33,7,134944.0,1,1,1,117036.38,0,0,0.07972917047666395
779,Germany,Male,33,1,158456.76,1,1,1,197000.92,1,0,0.1234489498468286
735,France,Male,31,3,119558.35,1,0,0,72927.68,0,0,0.12301262556330879
748,France,Male,44,4,112610.77,1,0,1,2048.55,0,0,0.35544148093913
652,Spain,Female,40,7,100471.34,1,1,1,124550.88,0,0,0.21714006607898073
791,France,Female,44,5,0.0,2,1,1,123977.86,1,0,0.15208062334264605
658,France,Male,36,8,174060.46,1,1,1,94925.62,0,0,0.10217572648944334
850,France,Female,39,7,79259.99,1,0,1,186910.74,0,0,0.18306377871662094
623,Spain,Female,40,4,0.0,3,1,0,31669.18,0,1,0.7125167760412774
700,France,Female,37,7,0.0,2,1,0,17040.82,0,0,0.15440183381986605
648,France,Female,34,3,0.0,1,1,0,54726.43,0,0,0.38379886059748036
594,France,Female,34,7,141525.55,1,0,0,9443.15,0,0,0.2541317092094006
464,France,Female,33,10,147493.7,2,1,0,100447.53,0,0,0.2037737643874524
533,Spain,Female,52,7,0.0,1,0,1,194113.99,1,1,0.5133436464332766
797,France,Female,55,10,0.0,4,1,1,49418.87,1,1,0.6613690938119722
658,France,Male,44,2,168396.34,1,1,1,14178.73,0,0,0.3041317602657473
649,Spain,Male,20,5,0.0,2,1,1,58309.54,0,0,0.052329194500592646
555,France,Female,44,3,105770.7,3,1,0,60533.96,1,1,0.9258868315235159
625,France,Female,51,7,136294.97,1,1,0,38867.46,1,1,0.8102162037366227
603,France,Male,30,8,0.0,2,1,1,47536.46,0,0,0.060358337632652706
698,France,Male,48,4,101238.24,2,0,1,177815.87,1,0,0.27978443684763177
807,France,Male,35,3,174790.15,1,1,1,600.36,0,0,0.1063329113872795
480,Germany,Female,25,3,174330.35,2,0,0,181647.13,0,0,0.2608350183617119
831,France,Female,34,2,0.0,2,0,0,165840.94,0,0,0.1761287690387342
591,France,Male,40,2,99886.42,2,1,1,88695.19,0,0,0.08074133406337991
772,Germany,Female,51,9,143930.92,1,0,1,46675.51,1,1,0.7735877528300696
518,France,Female,38,10,84764.79,1,1,1,162253.9,0,0,0.3037678522894233
644,France,Male,48,8,0.0,2,0,1,44965.54,1,0,0.113002785281086
548,Spain,Male,38,0,178056.54,2,1,0,38434.73,0,0,0.293676101933901
648,Spain,Female,53,6,111201.41,1,1,1,121542.29,0,0,0.4791923639590083
591,Spain,Female,40,1,86376.29,1,0,1,136767.16,1,0,0.27119999022372004
663,France,Male,46,3,0.0,2,0,1,176276.1,0,0,0.22449795091768504
589,France,Female,21,3,0.0,2,0,1,55601.44,0,0,0.04215898198248787
646,France,Female,37,7,96558.66,1,0,0,163427.18,0,0,0.4333433989626647
792,Spain,Male,36,5,92140.15,1,0,1,67468.67,0,0,0.04958647701159631
730,France,Female,22,9,65763.57,1,1,1,145792.01,0,0,0.24557007417779764
531,France,Female,42,2,0.0,2,0,1,90537.47,0,0,0.16659728965081316
613,France,Female,24,7,140453.91,1,1,0,129001.3,0,0,0.27632980835554355
640,France,Male,45,1,0.0,1,1,1,10908.33,0,0,0.42956580601440797
637,Spain,Female,40,6,0.0,2,1,1,181610.6,0,0,0.1637617418069636
710,France,Male,54,6,171137.62,1,1,1,167023.95,1,0,0.3537930789645106
512,Spain,Male,33,3,176666.62,1,1,0,94670.77,0,0,0.2695990976074937
701,France,Male,37,8,107798.85,1,1,0,16966.73,0,0,0.2055401071316182
533,France,Male,47,9,83347.25,1,1,1,137696.25,0,0,0.29964007856373726
681,France,Male,25,5,0.0,1,0,1,90860.97,0,0,0.10217292479952088
600,France,Female,39,5,0.0,2,0,0,118272.07,0,0,0.18784492490638058
735,Germany,Male,46,2,106344.95,1,1,0,114371.33,1,1,0.8683788316665035
702,Spain,Male,39,8,0.0,2,1,0,99654.13,0,0,0.08699853504431758
507,France,Male,36,4,83543.37,1,0,0,140134.43,0,0,0.17073436202952078
695,France,Male,28,5,171069.39,2,1,1,88689.4,0,0,0.08690108681296571
660,Germany,Male,24,5,85089.3,1,1,1,71638.0,0,0,0.0913817452286941
695,France,Male,46,4,0.0,2,1,1,137537.22,0,0,0.2216929247924551
850,Spain,Male,36,0,0.0,2,1,0,141242.57,0,0,0.06357497529270766
531,Spain,Female,45,1,126495.57,2,1,1,164741.5,0,0,0.4908737973804131
672,France,Female,34,1,142151.75,2,1,1,168753.34,0,0,0.136675966976902
563,France,Female,39,5,0.0,2,1,1,17603.81,0,0,0.1037716098557218
850,France,Female,39,2,148586.64,1,1,1,176791.27,0,0,0.24223117323897672
607,France,Female,27,2,0.0,2,1,0,63495.86,0,0,0.141105420739866
693,France,Male,31,1,0.0,2,0,1,182270.88,0,0,0.05008762697184803
815,Germany,Male,37,2,110777.26,2,1,0,2383.59,0,0,0.22565723671306911
617,France,Female,27,4,0.0,2,0,0,190269.21,0,0,0.1140348621331389
694,France,Male,37,10,143835.47,1,0,1,33326.71,0,0,0.09373261196054766
510,France,Female,30,0,0.0,2,1,1,130553.47,0,0,0.08692058997623764
596,Spain,Male,41,5,0.0,2,0,1,141053.85,0,0,0.08451232498141469
701,Germany,Male,23,5,186101.18,2,1,1,76611.33,0,0,0.09161599501323081
778,Germany,Female,29,6,150358.97,1,1,0,62454.01,1,0,0.4110073431111156
592,France,Male,37,4,212692.97,1,0,0,176395.02,0,0,0.30177522841699184
683,France,Female,35,6,187530.66,2,1,1,37976.36,0,0,0.2103571207393503
597,France,Male,28,2,0.0,3,1,1,78707.97,0,1,0.5719010942456818
696,Germany,Male,49,5,97036.22,2,1,0,152450.84,1,1,0.5166830171310193
465,France,Male,41,9,117221.15,1,1,0,168280.95,0,1,0.546235555238219
678,France,Female,32,5,0.0,2,1,0,90284.47,0,0,0.1566859689466215
587,Germany,Male,35,5,121863.61,1,1,1,23481.69,1,0,0.27113470951436924
587,France,Male,55,9,0.0,1,1,0,64593.07,0,1,0.738815235524162
669,France,Female,47,9,61196.54,1,1,0,58170.24,0,1,0.8802347627452286
701,Germany,Male,38,3,125385.49,2,0,1,52044.66,0,0,0.12532679963402915
810,Germany,Male,35,3,96814.46,2,1,1,120511.03,0,0,0.062065950712386915
667,France,Female,24,4,0.0,2,0,1,34335.55,0,0,0.0459529431273748
705,Spain,Female,57,3,0.0,2,1,1,34134.14,0,0,0.22158288569411627
727,France,Female,26,9,121508.28,1,1,1,146785.44,0,0,0.23665343366053146
601,Spain,Female,44,4,0.0,2,1,0,58561.31,0,0,0.3846810342306163
527,France,Female,25,6,0.0,2,0,1,96758.58,0,0,0.04610791691461652
628,France,Male,37,0,0.0,2,1,1,171707.93,0,0,0.0411158055359593
692,Germany,Female,43,2,69014.49,2,0,0,164621.43,0,0,0.30040171227421975
546,France,Female,47,8,0.0,1,1,1,66408.01,1,1,0.5307048444869997
724,Germany,Female,48,6,110463.25,2,1,1,80552.11,1,1,0.6209246539773879
765,France,Male,44,6,0.0,2,1,1,159899.97,0,0,0.20506851176286672
484,Spain,Female,35,7,133868.21,1,1,1,27286.1,0,0,0.22379875063742447
488,Germany,Female,33,4,140002.35,1,1,0,123613.81,0,0,0.4746382071917292
583,France,Female,42,4,0.0,2,1,0,17439.66,0,0,0.22379983336214596
735,France,Female,38,1,0.0,3,0,0,92220.12,1,1,0.5651316218736937
675,France,Female,49,0,0.0,1,1,1,80496.71,1,1,0.5613143073267064
754,France,Male,39,3,74896.33,1,0,0,34430.16,0,0,0.13686964732229107
719,France,Female,37,9,101455.7,1,1,0,25803.59,1,0,0.3323873043405991
632,France,Male,60,2,0.0,2,0,1,2085.32,0,0,0.22319640211745032
485,France,Male,29,7,182123.79,1,1,0,116828.51,1,0,0.22983674975448334
838,Spain,Female,67,4,103267.8,1,1,1,78310.04,0,0,0.30966551070476594
572,France,Male,33,5,0.0,1,0,1,41139.05,0,0,0.17402857456107884
487,Spain,Male,44,6,61691.45,1,1,1,53087.98,0,0,0.26361651826703514
616,Spain,Female,36,6,0.0,1,1,1,12916.32,1,0,0.29273458141568265
510,France,Female,32,1,0.0,2,0,1,28515.17,0,0,0.04924103724536289
636,France,Male,43,6,0.0,2,1,0,43128.95,0,0,0.1894488087851048
739,Germany,Male,58,1,110597.76,1,0,1,160122.66,1,1,0.6878310720145221
604,Spain,Male,43,2,145081.72,1,1,1,23881.62,0,0,0.2804273013830715
587,Germany,Female,39,6,101851.8,2,1,0,7103.71,0,0,0.4169752693444029
590,Spain,Female,37,0,64345.21,1,0,1,61759.33,1,0,0.22937775821787246
537,France,Female,38,10,0.0,1,0,0,52337.97,1,0,0.4309440476701002
683,Spain,Female,36,7,0.0,2,1,0,104786.59,0,0,0.11128221880164611
632,France,Male,43,2,100013.51,1,1,0,24275.32,0,1,0.5686390106614129
850,France,Male,33,0,124781.67,1,0,1,33700.52,0,0,0.03675847564898032
655,Germany,Female,32,6,130935.56,1,1,0,9241.83,1,0,0.4701494416751807
592,Spain,Male,55,8,85845.43,2,1,1,128918.42,0,0,0.21556010251720334
769,France,Male,29,4,145471.37,1,1,0,188382.77,0,0,0.24424739179987257
530,France,Male,25,9,162560.32,1,1,0,64129.03,0,0,0.23906902804322258
563,France,Female,34,6,139810.34,1,1,1,152417.79,0,0,0.33307920296332194
790,France,Female,26,4,141581.71,2,0,0,98309.27,0,0,0.12911872618934284
628,France,Male,33,6,0.0,2,0,0,184230.23,0,0,0.10592609293970298
697,Germany,Female,48,2,108128.96,2,1,1,103944.37,0,1,0.5403183859458052
850,Germany,Male,22,7,91560.58,2,0,0,10541.38,0,0,0.14996904917615372
594,Germany,Male,28,0,142574.71,2,1,0,129084.82,0,0,0.23488931522743284
625,France,Male,43,8,201696.07,1,1,0,133020.9,1,1,0.6162415520191348
537,Spain,Female,38,1,96939.06,1,1,1,102606.92,0,0,0.21878942111773214
849,France,Male,69,7,71996.09,1,1,1,139065.94,0,0,0.1874033446694947
592,Spain,Female,41,2,138734.94,1,1,0,90020.74,0,0,0.47934418120196026
686,France,Female,39,3,111695.62,1,0,0,136643.84,0,0,0.40328089297501
651,France,Male,56,2,0.0,1,1,0,114522.68,1,1,0.8559194431071329
593,Germany,Female,32,9,134096.53,2,1,0,53931.05,1,0,0.23175526466599575
571,France,Male,40,10,112896.86,1,1,1,121402.53,0,0,0.15808253607526057
574,Spain,Male,36,1,0.0,2,0,1,71709.12,0,0,0.05081992485173575
559,Spain,Female,40,7,144470.77,1,1,1,18917.95,0,0,0.24536606928551363
696,Spain,Female,36,3,0.0,3,1,0,65039.9,0,0,0.4777240045674882
704,Germany,Female,24,7,113034.22,1,1,0,162503.48,1,1,0.595234971043015
635,Spain,Female,35,7,0.0,2,1,1,65951.65,0,0,0.10833742110140568
569,Spain,Female,42,1,0.0,1,1,1,83629.6,1,0,0.3240540242159651
777,France,Female,58,4,0.0,1,1,1,62449.07,1,1,0.6925987288801514
573,Germany,Female,47,4,152522.47,1,0,1,164038.07,1,1,0.7131027263800928
683,Germany,Female,32,0,138171.1,2,1,1,188203.58,0,0,0.1408078134999503
484,Spain,Female,39,5,0.0,2,1,1,175224.12,0,0,0.10270013601013378
779,France,Female,41,10,99786.2,1,1,0,86927.53,0,1,0.5216813978214087
666,Germany,Female,50,7,109062.28,1,1,1,140136.1,1,1,0.7640324634782745
629,France,Female,49,4,0.0,2,1,1,196335.48,0,0,0.2724428927106205
641,France,Male,31,10,155978.17,1,1,0,91510.71,0,0,0.2411937438257303
593,Spain,Male,35,4,161637.75,1,1,1,20008.46,0,0,0.1355333353679573
714,Spain,Male,45,0,124693.48,1,0,1,187194.15,0,0,0.34512987011611473
653,Spain,Male,55,7,0.0,2,1,1,41967.03,0,0,0.10668500645952472
546,Germany,Female,74,8,114888.74,2,1,1,66732.63,1,0,0.18878771926215357
530,France,Female,33,4,129307.32,1,1,1,172930.28,0,0,0.349652918683445
794,Spain,Female,22,4,114440.24,1,1,1,107753.07,0,0,0.14381482837304616
592,France,Male,54,8,0.0,1,1,1,28737.71,1,0,0.4463700716663358
678,France,Female,38,2,0.0,2,0,0,115068.99,0,0,0.24157421788472916
548,France,Female,29,4,0.0,2,0,1,48673.18,0,0,0.04997836999655921
700,France,Female,44,2,58781.76,1,1,0,16874.92,0,1,0.7538960704227959
665,France,Male,39,10,46323.57,1,1,0,136812.02,0,0,0.26924494472950306
670,France,Female,40,3,47364.45,1,1,1,148579.43,1,0,0.4147568553265339
491,Spain,Female,61,8,0.0,2,0,1,139861.53,0,0,0.289262648872534
625,France,Female,58,10,53772.73,1,1,1,192072.1,1,0,0.4838645866906544
438,France,Female,36,4,0.0,2,1,0,64420.5,0,0,0.16441080225939067
607,Germany,Female,37,4,135927.06,1,0,0,180890.4,0,0,0.49454960432973183
565,France,Male,34,7,0.0,1,0,0,74593.84,0,0,0.2644852131623614
765,Spain,Female,32,9,178095.55,1,0,0,47247.56,0,0,0.40578033892992466
640,France,Male,40,8,110340.68,1,1,1,157886.6,0,0,0.20657521180093394
524,France,Male,52,2,87894.26,1,1,0,173899.42,1,1,0.7015981041593297
605,France,Male,39,3,0.0,2,1,0,199390.45,0,0,0.08052470272420267
674,France,Female,26,10,0.0,2,1,1,138423.1,0,0,0.11253675337089689
685,Spain,Male,34,6,83264.28,1,0,0,9663.28,0,0,0.2784061898644825
557,Spain,Female,40,4,0.0,2,0,1,105433.53,0,0,0.11230742956875563
576,France,Male,24,3,0.0,1,0,1,78498.04,1,0,0.11507155527100472
532,France,Male,44,3,148595.55,1,1,0,74838.64,1,1,0.6252440139154299
723,France,Male,34,5,0.0,2,0,1,12092.03,0,0,0.05117569061263134
468,France,Male,46,7,91443.75,1,1,0,10958.18,0,1,0.6424446871125394
561,Germany,Male,32,6,166824.59,1,1,0,139451.98,0,0,0.21639443580480133
667,France,Male,44,8,122277.87,1,1,1,91810.71,0,0,0.33476363771202744
710,Germany,Male,43,2,140080.32,3,1,1,157908.19,1,1,0.8099811508852304
572,Germany,Female,19,1,138657.08,1,1,1,16161.82,0,0,0.3205514382815875
635,Spain,Female,29,8,138296.94,2,1,0,141075.51,0,0,0.2415045272432771
439,Spain,Male,52,3,96196.24,4,1,0,198874.52,1,1,0.7623185178661855
638,France,Male,24,1,0.0,2,0,1,162597.15,0,0,0.02768171454530223
643,France,Female,46,6,0.0,2,0,0,106781.59,0,0,0.4398859414400882
805,Germany,Female,45,9,116585.97,1,1,0,189428.75,1,1,0.7408466478310587
627,Spain,Female,25,4,0.0,1,1,1,194313.93,0,0,0.244964327272912
568,Germany,Female,31,1,61592.14,2,1,1,61796.64,0,0,0.10017128286975056
615,France,Male,32,1,0.0,2,0,0,2139.25,0,0,0.024848244970222866
652,Spain,Female,33,3,124832.51,1,1,0,195877.06,0,0,0.27418798241355846
697,Germany,Male,43,7,115371.94,2,1,0,64139.1,0,1,0.6346659861275653
790,France,Female,33,10,135120.72,1,0,0,195204.99,0,0,0.22397751034692434
650,France,Male,33,0,98064.97,1,1,0,52411.99,0,0,0.17050610658485726
568,Spain,Male,28,1,127289.28,1,0,0,45611.51,0,0,0.2535480156677175
542,France,Male,38,8,65942.26,1,1,1,68093.23,1,0,0.17016630078239345
631,Germany,Female,33,4,123246.7,1,0,0,112687.57,0,1,0.5959985716692479
581,France,Male,71,4,0.0,2,1,1,197562.08,0,0,0.2622030767842989
621,France,Male,39,6,0.0,2,1,1,58883.91,0,0,0.07211291891865289
646,France,Male,24,8,0.0,2,0,0,92612.88,0,0,0.038813021483709936
588,Germany,Female,30,0,110148.49,1,1,0,5790.9,1,1,0.5251464362854855
580,Germany,Female,42,2,123331.36,1,0,0,103516.08,1,1,0.7336145743547746
620,Spain,Male,44,8,0.0,2,1,1,15627.51,0,0,0.06171506428165402
747,Germany,Female,32,5,67495.04,2,0,1,77370.37,0,0,0.06668489514858607
682,France,Male,30,9,0.0,2,1,1,2053.42,0,0,0.05098213004828879
428,France,Female,62,1,107735.93,1,0,1,58381.77,0,1,0.5095800237468154
739,France,Male,37,7,104960.46,1,0,1,80883.82,0,0,0.0881283100902851
587,Spain,Female,34,1,0.0,2,1,1,97932.68,0,0,0.0998888524175753
766,Spain,Male,41,0,0.0,2,0,1,34283.23,0,0,0.0757981137710859
703,France,Female,45,7,0.0,2,1,1,68831.72,0,0,0.136791121765414
598,Spain,Female,56,4,98365.33,1,1,1,44251.33,0,1,0.5521373116364982
618,Germany,Male,44,5,157955.83,2,0,0,139297.71,0,0,0.4433167531594062
691,France,Male,26,9,136623.19,1,1,0,153228.0,0,0,0.24612156225174459
428,Germany,Female,40,3,129248.11,2,1,0,72876.43,1,1,0.5514592161916443
544,Spain,Male,37,2,0.0,2,0,0,135067.02,0,0,0.03132450613369779
544,France,Female,29,1,118560.55,1,1,1,164137.36,0,0,0.22296747388376392
501,Germany,Male,24,4,130806.42,2,1,0,80241.14,0,0,0.14337071277435556
678,France,Male,31,2,0.0,2,1,1,58803.28,0,0,0.05646190122796902
720,France,Female,38,10,0.0,2,1,1,56229.72,1,0,0.10059774419740403
661,France,Male,48,3,120320.54,1,0,0,96463.25,0,1,0.6630690845249297
765,France,Male,34,9,91835.16,1,0,0,138280.17,0,0,0.15829946878748344
552,France,Female,34,5,0.0,2,1,1,1351.41,0,0,0.15792175787321105
686,Germany,Female,43,5,154846.24,2,1,1,151903.6,0,0,0.41981526922662554
829,France,Female,22,7,150126.44,1,1,0,152107.93,1,0,0.24208403291354574
778,France,Male,42,6,0.0,2,1,1,106197.44,0,0,0.11914344193659235
584,France,Male,38,9,104584.16,1,1,0,176678.72,0,0,0.27852511790939455
561,France,Male,56,7,152759.0,2,1,0,133167.11,1,1,0.5828808560055586
775,Germany,Male,70,6,119684.88,2,1,1,74532.02,0,0,0.199879639546816
701,Spain,Female,35,9,0.0,2,0,0,170996.86,0,0,0.16018654599763885
731,Spain,Male,33,1,0.0,1,1,0,130726.96,0,0,0.32482836129821346
649,France,Female,36,2,0.0,2,0,1,75035.48,0,0,0.09129617036319676
456,Germany,Male,32,9,133060.63,1,1,1,125167.92,0,0,0.2307001850116243
693,France,Male,36,8,178111.82,1,0,0,58719.63,1,0,0.32911679389231124
673,France,Male,41,5,0.0,1,1,1,65657.29,0,0,0.36610668739956653
571,Germany,Male,37,9,139592.98,3,1,0,104152.65,1,1,0.7890809417979067
714,Spain,Male,45,8,150900.29,2,0,1,139889.15,0,0,0.208047973926069
849,France,Female,41,6,0.0,2,1,1,169203.51,1,0,0.11049567488976825
620,France,Male,41,3,0.0,2,1,1,137309.06,0,0,0.13770611021971488
554,Germany,Female,37,4,58629.97,1,0,0,182038.6,0,0,0.3132197984080231
622,France,Male,43,8,0.0,2,1,0,100618.17,0,0,0.22486620275552244
741,France,Male,32,5,0.0,1,1,1,64839.23,0,0,0.17203068299805324
542,France,Male,32,7,107871.72,1,1,0,125302.64,0,0,0.17622872594807476
544,Spain,Male,22,3,66483.32,1,0,1,110317.39,0,0,0.15889942869621002
758,France,Female,32,2,84378.9,1,1,1,75396.43,0,0,0.15614873584162092
552,Germany,Male,38,10,132271.12,2,1,1,46562.02,0,0,0.19484065287101543
714,Germany,Male,29,6,92887.13,1,1,1,69578.49,0,0,0.15080856853574404
613,France,Male,37,9,108286.5,1,1,1,114153.44,0,0,0.09955393919723182
682,Germany,Female,35,2,117438.92,2,1,1,16910.98,0,0,0.26537272482313246
541,France,Male,29,7,127504.57,1,0,0,86173.92,0,0,0.14695999254946931
714,Germany,Female,49,5,140510.89,1,1,0,141914.94,0,1,0.9354245764926469
615,France,Male,32,7,92199.84,1,1,1,2755.53,0,0,0.0900675616955362
744,France,Female,43,10,147832.15,1,0,1,24234.11,0,0,0.43555416346008147
630,Spain,Male,32,4,82034.0,1,0,0,146326.45,0,0,0.1435962392337229
606,Germany,Male,27,2,130274.26,2,1,0,147533.09,0,0,0.1133479408436099
850,France,Male,36,1,104077.19,2,0,1,68594.0,0,0,0.04616107929027891
759,France,Female,31,1,109848.6,1,1,1,42012.55,0,0,0.10855063009425052
814,France,Female,36,6,0.0,2,1,1,98657.01,0,0,0.06560061683452426
850,Spain,Male,38,7,115378.94,1,0,1,162087.82,0,0,0.08350211983021144
621,Germany,Female,31,8,100375.39,1,1,1,90384.26,0,0,0.3592566424448823
439,France,Female,66,9,0.0,1,1,0,65535.56,0,1,0.8192668058733535
662,France,Female,41,4,0.0,2,1,0,126551.48,0,0,0.23891574831225068
560,Spain,Female,43,4,95140.44,2,1,0,123181.44,1,0,0.43050258095486904
513,Spain,Female,42,10,0.0,2,0,1,73151.25,0,0,0.18167691285236798
720,France,Female,43,6,137824.03,2,1,0,172557.77,0,0,0.41399601373227396
505,Germany,Male,40,6,47869.69,2,1,1,155061.97,0,0,0.10289023594480717
495,France,Female,40,1,140197.71,2,1,0,150720.39,0,0,0.3115264257252217
568,Spain,Female,26,6,0.0,2,0,0,166495.2,0,0,0.07821585375998334
678,Germany,Female,43,2,153393.18,2,1,1,193828.27,0,0,0.21202039653934118
743,Germany,Male,45,10,144677.19,3,1,0,22512.44,1,1,0.8256409329020356
714,France,Female,31,4,125169.26,1,1,1,106636.89,0,0,0.21140876257856595
756,France,Female,24,1,0.0,2,1,0,184182.25,0,0,0.1674511025117363
762,Spain,Male,35,9,122929.42,2,0,0,149822.04,0,0,0.13968021502953115
604,Spain,Female,41,10,0.0,2,1,1,166224.39,0,0,0.170471286183726
850,Germany,Female,45,5,103909.86,1,1,0,60083.11,1,1,0.5442932603481927
478,Spain,Female,36,3,92363.3,2,1,0,44912.7,0,0,0.2515136362689724
513,France,Male,29,10,0.0,2,0,1,25514.77,0,0,0.057895634016684794
822,France,Male,50,7,0.0,2,1,1,10062.8,0,0,0.2076508478846953
732,Spain,Female,33,8,111379.55,1,1,1,45098.62,0,0,0.17225725525634927
775,Germany,Female,38,6,179886.41,2,0,0,153122.58,0,0,0.2119216330662245
619,France,Male,25,4,0.0,1,1,0,145524.36,0,0,0.24559205308042922
684,France,Male,30,2,0.0,2,1,0,83473.82,0,0,0.05119960797334021
750,Spain,Female,36,8,112940.07,1,0,1,9855.81,0,0,0.14698199790867789
793,France,Male,32,2,0.0,2,1,0,193817.63,1,0,0.047930708836900336
752,Germany,Male,30,4,81523.38,1,1,1,36885.85,0,0,0.09486965419877766
698,Spain,Female,40,0,92053.44,1,1,1,143681.83,0,0,0.26499291733772645
512,Spain,Male,36,1,0.0,1,0,1,135482.26,1,0,0.22523230589236576
714,Germany,Female,35,6,126077.43,2,1,1,53954.24,0,0,0.3315500885641752
